3.0975e-06,9.3409e-06,-5.2017e-06
0.018789,-0.22777,0.26616
0.23304,-0.36596,0.28266
0.29549,-0.25513,0.20016
0.30813,-0.4435,0.26975
-0.23988,-0.36651,-0.15488
-0.19236,-0.10347,-0.19236
-0.19423,0.10043,-0.23513
-0.39879,0.1954,-0.4263
-0.57352,-0.064645,-0.42288
-0.077882,-0.12572,-0.10887
-0.085186,-0.11626,-0.11079
0.016808,-0.099229,0.016939
-0.052277,-0.07552,-0.023605
0.05869,-0.12843,0.10265
0.012126,-0.070969,0.022282
-0.001624,-0.12809,0.041491
0.013335,-0.14922,0.010226
-0.042667,-0.14085,-0.064032
0.10145,-0.15127,0.056118
-0.062398,-0.048857,-0.0050361
-0.022232,-0.072014,-0.019341
-0.067991,-0.15132,-0.011728
-0.031724,-0.14748,-0.027757
0.051924,-0.11055,0.07249
-0.11792,-0.1188,-0.070868
-0.16673,-0.096004,-0.1023
-0.22081,-0.10437,-0.22022
-0.24616,-0.035914,-0.17154
-0.03578,-0.079669,-0.073237
-0.036443,-0.077101,-0.010204
0.17936,-0.31171,0.15502
0.11196,-0.015826,-0.042079
0.10068,-0.19777,0.069629
-0.026896,0.024339,-0.071196
0.046518,-0.17396,0.12162
0.079717,-0.094284,0.11211
0.22763,-0.29772,0.10136
0.12275,-0.21083,0.023403
0.19837,-0.31446,0.11765
0.041231,-0.16918,0.051229
0.16797,-0.013464,0.18408
0.14256,-0.027459,0.17747
0.16434,-0.28269,0.02445
0.03816,-0.18625,0.024503
0.092288,0.068005,0.011248
0.26168,-0.14556,0.25001
0.093973,-0.1869,0.042801
0.12926,-0.11839,0.081936
0.12673,-0.096938,0.011627
0.18101,-0.093545,0.039729
0.17086,-0.25375,0.13573
-0.24137,-0.058927,-0.24111
-0.13589,0.19729,-0.24371
-0.094747,0.41944,-0.28429
-0.23317,0.46863,-0.42167
-0.36638,0.17528,-0.33009
0.11767,0.14637,0.043785
-0.049768,0.13355,-0.066495
-0.028773,0.13198,0.021749
-0.17272,0.13343,-0.066862
-0.14529,0.028643,0.011436
-0.16351,0.094692,-0.049844
-0.15532,0.051939,-0.018238
-0.10933,0.039267,-0.033526
-0.12737,0.036518,-0.079309
-0.10876,-0.052426,-0.029313
-0.2151,0.13815,-0.075279
0.010666,0.20564,0.054698
-0.01661,0.070804,0.091929
-0.12347,0.057542,-0.056455
-0.12511,0.039787,-0.033881
0.10641,0.1688,0.10566
0.067534,0.22371,0.047595
-0.035293,0.22184,-0.12103
-0.032761,0.25084,-0.036394
0.19911,0.19619,0.098053
0.1896,0.19105,0.1554
-0.074241,-0.24904,0.051564
-0.1314,0.084827,-0.12497
-0.10698,-0.062915,0.0039641
-0.21626,0.19682,-0.1499
-0.11561,0.0028364,0.047751
-0.07992,0.099473,0.024802
0.063723,-0.12716,0.033136
-0.080237,-0.018728,-0.064652
-0.037122,-0.12142,0.0072988
-0.22494,-0.0062426,-0.082942
-0.11152,0.10897,0.04168
-0.13958,0.071903,0.041204
-0.072136,-0.12575,-0.073542
-0.17023,-0.032174,-0.0657
-0.095244,0.20668,-0.088613
0.060077,0.039152,0.1529
-0.13484,-0.010929,-0.063621
-0.11793,0.027009,-0.022161
0.12206,-0.1054,0.1125
0.15132,-0.24943,0.20941
-0.17977,-0.040801,-0.14105
-0.048846,0.18206,-0.11186
0.029899,0.37624,-0.12898
-0.040118,0.36844,-0.21932
-0.10093,0.034601,-0.066257
0.4203,0.00027306,0.26526
0.14875,-0.020535,0.055647
0.14422,-0.01186,0.1149
-0.028859,-0.0016138,-0.012713
-0.040358,-0.08269,0.0030819
-0.039117,-0.026933,-0.033355
-0.019343,-0.072409,0.015254
0.042609,-0.092741,0.019538
0.047852,-0.11863,0.0050905
0.098997,-0.12802,0.050785
-0.14696,-0.092919,-0.095186
0.077131,-0.036693,0.080157
0.12133,-0.14037,0.17284
-0.049347,-0.089281,-0.072385
-0.00042731,-0.074068,-0.043189
0.4504,0.03117,0.37947
0.39527,0.12402,0.31638
0.241,0.13557,0.11051
0.27872,0.13438,0.22
0.54933,0.059217,0.37847
0.54201,0.039447,0.42733
0.037167,-0.38346,0.025449
-0.028443,-0.042368,-0.12535
0.010881,-0.18325,0.023085
-0.09103,0.090086,-0.1347
0.020314,-0.11848,0.072816
0.051348,-0.011532,0.042332
0.18237,-0.24778,0.069061
0.027246,-0.11212,-0.048498
0.060632,-0.19662,0.0025542
-0.13905,-0.090546,-0.11073
-0.026537,0.0058502,0.0014268
-0.052943,-0.037009,-0.0032657
0.032078,-0.20947,-0.081971
-0.054386,-0.14471,-0.061384
0.02397,0.059183,-0.086835
0.17081,-0.059523,0.15455
-0.030473,-0.097943,-0.071738
-0.015568,-0.066118,-0.031623
0.034049,-0.08959,0.070356
-0.23873,-0.035409,-0.17348
-0.085018,0.097653,-0.089011
0.023223,0.22059,-0.056545
-0.016183,0.18947,-0.1286
-0.036932,-0.12369,0.030596
0.40597,0.01162,0.19898
0.024873,0.088865,-0.089763
0.018067,0.16288,-0.033293
-0.16356,0.21037,-0.17848
-0.18908,0.20936,-0.20256
-0.17799,0.23823,-0.22061
-0.15552,0.17321,-0.16252
-0.088608,0.13068,-0.14794
-0.069844,0.070557,-0.1404
0.2933,0.27162,0.070186
0.032453,0.31223,-0.11701
-0.08876,0.18295,-0.11038
-0.096877,0.027532,-0.048478
-0.15255,0.25578,-0.24059
0.11336,0.30966,-0.078514
0.53452,-0.0087004,0.41292
0.48532,0.061176,0.36535
0.28436,0.074699,0.13593
0.33944,0.080145,0.25524
0.64096,0.014912,0.42752
0.63377,-0.0044294,0.46513
-0.06575,-0.08961,-0.1591
-0.15704,0.24106,-0.29975
-0.12261,0.094615,-0.15029
-0.22648,0.36346,-0.31735
-0.11557,0.12672,-0.10964
-0.094812,0.23483,-0.14945
0.019645,-0.014759,-0.10514
-0.13342,0.14985,-0.23387
-0.097643,0.092086,-0.19415
-0.29482,0.20223,-0.31814
-0.17089,0.29447,-0.20801
-0.18531,0.26179,-0.20937
-0.10451,0.10733,-0.2705
-0.19391,0.12713,-0.24958
-0.12582,0.28365,-0.2859
0.013401,0.20259,-0.047045
-0.17767,0.18902,-0.2692
-0.14822,0.23373,-0.21686
-0.25903,-0.057391,-0.18616
-0.097725,0.028435,-0.0734
0.028585,0.065137,0.013778
0.0059635,0.00057537,-0.039533
0.036994,-0.33512,0.141
0.3932,-0.38603,0.35287
-0.050975,-0.18535,0.034376
-0.01838,-0.07331,0.12483
-0.19028,-0.015439,-0.017369
-0.19969,0.027649,-0.042418
-0.19106,0.036822,-0.054508
-0.17702,-0.037214,-0.00076463
-0.11646,-0.086053,0.0093073
-0.093558,-0.16272,0.02471
0.69103,0.07591,0.46633
0.61864,0.12168,0.35583
0.61809,0.11464,0.49379
0.00021809,-0.056946,0.184
0.31196,0.14864,0.25351
0.71285,0.10039,0.49032
0.71939,-0.3865,0.67242
0.66255,-0.23856,0.57777
0.38948,-0.17828,0.28938
0.46195,-0.17531,0.42848
0.82151,-0.29418,0.66596
0.82597,-0.3566,0.72294
-0.025624,-0.28337,0.04309
-0.14905,0.030583,-0.098915
-0.13113,-0.11008,0.034593
-0.24285,0.16461,-0.15044
-0.14064,-0.079492,0.043333
-0.13576,0.04431,-0.013359
-0.044132,-0.20719,0.041758
-0.18439,-0.044272,-0.08336
-0.13809,-0.096409,-0.042386
-0.3233,0.0035763,-0.16402
-0.18075,0.083334,-0.04558
-0.17706,0.061269,-0.035207
-0.11022,-0.062929,-0.091037
-0.21115,-0.076327,-0.083696
-0.16282,0.053081,-0.14298
-0.03505,-0.0012056,0.088944
-0.20257,-0.010077,-0.11159
-0.14589,0.038703,-0.031049
0.1682,-0.093443,0.16309
0.33025,-0.18587,0.34285
0.37514,-0.22044,0.29966
0.54138,-0.45019,0.54426
0.1855,-0.33916,0.28732
-0.18825,-0.17786,-0.023996
-0.12919,-0.088514,0.061764
-0.28405,-0.049723,-0.082379
-0.19967,-0.17018,-0.0038335
-0.20714,-0.076159,-0.03477
-0.2264,-0.040379,-0.02963
-0.20225,0.023,-0.063223
-0.20071,0.027646,-0.070731
0.19025,-0.22959,0.18425
0.12939,-0.25139,0.080842
0.38534,-0.33752,0.37033
0.52693,-0.53243,0.59568
0.64223,-0.43125,0.61925
0.60864,-0.39723,0.51358
-0.025203,0.086165,0.11128
0.72912,0.14144,0.5957
0.76853,0.10825,0.54104
0.86976,0.033058,0.69814
0.79027,0.11632,0.59185
0.30533,0.16098,0.23102
-0.13972,-0.29043,-0.037677
-0.19322,-0.10714,-0.030061
-0.17633,-0.18357,0.071588
-0.2875,0.16512,-0.1628
-0.19803,-0.021826,-0.026911
-0.19713,0.1571,-0.11872
-0.028048,-0.25305,0.08531
-0.19211,-0.027396,-0.059493
-0.16794,-0.03137,-0.041605
-0.36542,0.035091,-0.18392
-0.23661,0.061395,-0.089154
-0.26012,0.046966,-0.10123
-0.18702,0.00015974,-0.086668
-0.25185,-0.068312,-0.092938
-0.18714,-0.025844,-0.18968
-0.082823,-0.0070136,0.035952
-0.25078,0.017276,-0.13132
-0.20361,0.054544,-0.033004
0.16553,-0.063274,0.14009
0.24912,-0.13136,0.092346
0.41866,-0.39808,0.39353
0.28656,-0.0062319,0.17705
-0.051322,-0.0003025,-0.13008
-0.039025,0.030745,-0.092384
-0.20473,0.041555,-0.2471
-0.10214,-0.036399,-0.15415
-0.10977,0.032859,-0.18136
-0.14257,0.054295,-0.18901
-0.13611,0.1023,-0.23272
-0.14713,0.082875,-0.24202
0.18296,0.034136,0.076874
0.14529,0.014334,-0.0028484
0.32363,-0.036741,0.2156
0.44157,-0.18792,0.37048
0.55004,-0.10113,0.404
0.53461,-0.096602,0.33056
-0.098772,0.018467,-0.13056
-0.019797,0.11055,-0.10361
0.092563,0.16309,-0.06174
0.38744,0.049819,0.19376
0.1506,0.1759,-0.049055
-0.17367,0.14543,-0.3203
-0.01154,-0.19571,-0.17172
-0.089185,-0.015271,-0.15443
-0.090577,-0.08609,-0.074271
-0.21442,0.24829,-0.32695
-0.14693,0.051342,-0.21966
-0.17586,0.22733,-0.33844
-0.045933,-0.21239,-0.14386
-0.16843,0.044908,-0.25651
-0.11666,0.068933,-0.22077
-0.28633,0.13381,-0.34619
-0.13908,0.15145,-0.2433
-0.14887,0.1445,-0.24844
-0.092789,0.12287,-0.22733
-0.17781,0.023526,-0.25581
-0.14104,0.012153,-0.38176
-0.049768,0.064753,-0.17115
-0.17561,0.11446,-0.29466
-0.09956,0.1549,-0.17071
0.15176,-0.19561,0.053274
0.33417,-0.56844,0.51391
0.33931,0.063677,0.32058
0.10415,-0.030319,0.097579
0.11689,-0.070434,0.13771
-0.038953,-0.10635,-8.0162e-06
0.059812,-0.13823,0.081777
0.065526,-0.10335,0.07887
0.035106,-0.10401,0.079546
0.04031,-0.074753,0.045763
0.034823,-0.12054,0.053579
0.17454,0.15541,0.1069
0.15848,0.14017,0.036309
0.28884,0.090825,0.22851
0.40087,-0.078025,0.39385
0.50045,0.014716,0.42486
0.48993,0.019404,0.34643
0.15487,-0.10977,0.18859
0.17002,-0.034974,0.17089
-0.088751,-0.12677,0.014668
0.1668,-0.28257,0.20853
0.048791,-0.12372,0.064974
-0.04324,-0.11642,-0.06289
0.18425,-0.33992,0.091221
0.091269,-0.1685,0.12832
0.081175,-0.24165,0.19962
-0.041073,0.06534,-0.049627
0.017513,-0.14601,0.045383
-0.024392,0.020154,-0.078424
0.075866,-0.43997,0.1208
-0.012053,-0.16548,0.030324
0.055924,-0.11776,0.070514
-0.098037,-0.051701,-0.053545
0.053538,-0.034931,0.038836
0.044782,-0.019901,0.021983
0.089731,-0.010644,0.05908
-0.00020178,-0.15297,0.027951
0.024462,-0.22369,-0.10541
0.10496,-0.14509,0.090649
0.0029473,-0.067585,-0.010923
0.089593,-0.011705,0.11491
0.1178,-0.32083,0.4803
0.072414,0.23852,0.13238
-0.067502,0.17065,-0.0072537
-0.033577,0.13154,0.048787
-0.16078,0.090732,-0.05858
-0.076982,0.10288,0.0088405
-0.049561,0.11989,0.03431
-0.067917,0.11836,0.04743
-0.055252,0.15312,0.027762
-0.044557,0.10398,0.058089
-0.086985,0.27251,-0.099995
-0.064392,0.22318,-0.14309
0.015426,0.19196,0.005372
0.096645,0.07906,0.14202
0.18726,0.18302,0.17837
0.18488,0.16899,0.10566
0.041736,0.1055,0.12049
0.11342,0.23406,0.13221
-0.13472,0.19199,0.017495
-0.044005,-0.070113,0.081575
-0.051286,0.080018,0.067652
-0.08556,0.090569,-0.040713
0.091589,-0.12387,0.059687
-0.013817,0.044293,0.11661
-0.027816,-0.018407,0.17758
-0.13774,0.28301,-0.063277
-0.078192,0.082811,0.021908
-0.11426,0.26194,-0.093097
-0.028125,-0.19079,0.12254
-0.086526,0.076451,0.052092
-0.01255,0.12585,0.090972
-0.16205,0.17051,-0.038742
-0.019242,0.16464,0.034824
-0.038239,0.18527,0.00085004
-0.0052871,0.24316,0.054381
-0.0876,0.079083,0.024483
-0.06077,-0.025535,-0.10716
0.012407,0.073462,0.075429
-0.08058,0.15083,-0.01316
0.0026398,0.1992,0.10663
-0.14394,0.00093881,-0.0090371
-0.14804,-0.027654,-0.095217
-0.05019,-0.036814,-0.045911
-0.11322,-0.050873,-0.13984
-0.050314,0.02487,-0.088682
0.010418,0.031383,-0.045219
0.015541,0.041047,-0.031574
0.043565,0.095606,-0.04808
0.078301,0.05885,-0.0047499
-0.29756,0.014048,-0.19977
-0.2364,-0.075153,-0.19141
-0.2031,-0.094681,-0.099773
-0.14106,-0.15517,-0.037239
-0.058764,-0.039263,0.0049816
-0.06064,-0.06433,-0.053486
-0.066014,-0.13633,-0.028654
0.0033974,-0.066807,-0.0050583
-0.044608,-0.003373,0.0065386
0.088685,-0.092826,0.0054281
0.061192,-0.038455,0.058338
-0.04894,-0.091743,-0.0897
0.17949,-0.18897,-0.0085333
0.068094,-0.036043,0.067668
0.055705,-0.084043,0.10875
-0.029162,0.22596,-0.13878
0.039926,0.056824,-0.080225
0.0268,0.27364,-0.20018
0.11392,-0.14053,0.016901
0.08863,0.10871,-0.016519
0.16486,0.14436,0.035458
0.010015,0.14817,-0.088771
0.1289,0.10089,-0.026341
0.081188,0.11238,-0.069222
0.099,0.21874,-0.00062071
0.037769,0.048803,-0.045864
0.08038,-0.066866,-0.18913
0.15269,0.054224,-0.018231
0.055659,0.10931,-0.081687
0.11997,0.1327,0.043864
0.02857,-0.035944,0.039819
0.15634,-0.010293,0.20463
0.00072615,0.0051656,0.072426
0.028425,-0.035255,0.080955
0.045853,-0.0016566,0.080884
0.038613,-0.024095,0.11479
0.058649,-0.0075588,0.091119
0.029813,-0.022114,0.067317
-0.07799,-0.014091,-0.10332
0.06537,-0.12787,-0.019065
0.032358,-0.11591,0.0031227
0.044705,-0.17458,0.036585
0.18626,-0.074325,0.14174
0.17204,-0.09299,0.065203
-0.0094043,-0.024524,0.091556
-0.028178,-0.0066507,0.097228
0.00086071,-0.034054,0.061436
-0.10274,0.08385,0.027152
0.12582,0.04022,0.14211
0.13355,0.029201,0.21023
0.15361,-0.31024,0.13809
0.076627,-0.045332,0.083608
0.099423,-0.14533,0.19643
-0.023187,0.17317,-0.022483
0.052889,-0.041484,0.13912
0.028753,0.10804,0.063425
0.1328,-0.22888,0.18196
0.022643,-0.054278,0.064878
0.084526,-0.087512,0.10629
-0.092792,-0.00055828,-0.022172
0.051871,0.049215,0.085356
0.03806,0.030453,0.078175
0.10319,-0.02105,0.055942
0.015291,-0.075375,0.05141
0.047808,0.028778,-0.030418
0.17034,-0.012923,0.20787
0.023647,-0.010155,0.025738
0.079586,0.034429,0.11702
0.12779,0.025645,0.16482
-0.027832,0.041101,0.032612
0.0093264,0.0045766,0.052477
0.021313,0.036039,0.045776
0.010098,0.011873,0.075005
0.031231,0.020196,0.053141
0.0081959,-0.0046029,0.036722
-0.091685,0.037776,-0.085757
0.069336,-0.060089,-0.013334
-0.0090161,-0.021816,-0.043135
0.015527,0.019763,-0.058226
0.21811,-0.048933,0.20025
0.19003,-0.080975,0.12751
-0.023071,0.008721,-0.0019197
-0.094701,-0.012098,-0.034082
0.0065919,-0.054574,-0.002879
-0.11456,0.076554,-0.025239
0.15107,-0.031572,0.15387
0.19688,-0.029447,0.27114
0.12965,-0.20615,0.14456
0.052637,0.0053296,0.075951
0.071425,-0.1038,0.16464
-0.051714,0.20933,-0.062314
0.024314,-0.0087868,0.10395
0.006808,0.14564,0.053125
0.11037,-0.13011,0.18681
-0.0023135,-0.0084755,0.038716
0.057138,-0.055383,0.069092
-0.12126,0.035675,-0.061956
0.024774,0.090069,0.049058
0.012625,0.08811,0.052848
0.074256,0.039468,0.029404
-0.013253,-0.039204,0.011538
0.019545,0.082919,-0.057459
0.14735,0.030053,0.18251
-0.0048623,0.026032,-0.014083
0.0556,0.084891,0.091191
-0.15562,0.015443,-0.13221
-0.062129,-0.030148,-0.047948
-0.089453,0.011906,-0.099214
-0.11752,-0.01355,-0.08975
-0.087679,-0.024116,-0.10044
-0.071584,-0.083737,-0.071516
-0.0097259,0.070465,0.045181
0.17448,-0.010076,0.12856
0.077189,0.032901,0.072374
0.10256,0.097729,0.038766
0.25241,-0.026077,0.28628
0.23922,-0.069222,0.24845
0.063964,0.0035423,0.059152
-0.020157,-0.016935,0.021997
0.11261,-0.064332,0.07998
-0.037499,0.060498,0.029501
0.20019,-0.094982,0.21167
0.24339,-0.071876,0.32132
0.021018,-0.11329,0.069041
-0.054323,0.0075918,-0.019279
-0.051137,-0.1192,0.01878
-0.17943,0.18421,-0.22723
-0.10112,-0.038496,-0.04986
-0.10107,0.12862,-0.05097
-0.0017501,-0.042691,0.10265
-0.11899,-0.014173,-0.099112
-0.067492,-0.085184,-0.090674
-0.24892,0.010624,-0.22684
-0.09744,0.071577,-0.1069
-0.10103,0.097448,-0.079293
-0.048744,0.054134,-0.10683
-0.14099,-0.064315,-0.15343
-0.10492,0.087622,-0.19763
0.031569,0.016513,0.043066
-0.13257,0.00093685,-0.17901
-0.058696,0.082155,-0.045143
0.32681,-0.20288,0.33736
0.14098,-0.029313,0.12013
0.03845,-0.028283,0.042489
0.13086,-0.14082,0.10413
0.31478,-0.37364,0.31527
-0.081682,0.10354,0.01998
0.076064,0.028535,0.069384
-0.057032,0.07017,-0.03312
-0.042443,0.1388,-0.083395
0.095558,0.0078358,0.17121
0.10462,-0.032715,0.17567
-0.073496,0.00074398,-0.077032
-0.15165,-0.022129,-0.11101
0.024063,-0.075608,-0.010912
-0.10296,0.041522,-0.0456
0.074617,-0.12393,0.099572
0.09845,-0.085726,0.1819
0.16192,0.09247,0.30691
0.12255,0.051024,0.22809
0.10782,-0.11165,0.18411
-0.023758,0.16975,-0.095315
0.057797,-0.068739,0.1046
0.081382,0.12512,0.18764
0.1403,0.14122,0.3324
0.04842,0.0036396,0.069832
0.093852,-0.10865,0.04924
-0.093132,-0.0040025,-0.094803
0.065107,0.069839,0.037609
0.065984,0.14675,0.09512
0.11047,0.11623,0.077174
0.014658,-0.078876,-0.021588
0.055748,0.12323,-0.017889
0.20945,0.018725,0.21861
0.023128,-0.013675,-0.047074
0.11828,0.10993,0.13396
0.039826,-0.053317,0.0022488
0.071231,-0.11127,0.04748
-0.0094915,-0.077542,-0.057381
-0.10555,0.0096257,-0.18491
-0.067061,0.029076,0.061251
0.10942,-0.031747,0.1282
-0.048498,0.022932,-0.020011
-0.063217,0.1095,-0.10862
0.015105,-0.039782,0.10816
-0.021778,-0.062182,0.094029
-0.032602,0.020405,-0.041915
-0.093271,-0.0068818,-0.05784
0.071075,-0.049652,0.019738
-0.098539,0.095584,-0.071812
-0.021839,-0.030097,-0.044272
0.056612,-0.018828,0.1095
0.1227,-0.2237,0.15739
0.079119,-0.047458,0.044406
0.085635,-0.11671,0.062224
-0.057542,0.16853,-0.15171
0.034327,-0.03712,0.068115
0.049578,0.091723,0.14451
0.023881,0.20247,0.046248
0.041103,-0.035805,-0.046004
0.15083,-0.19486,0.046557
-0.040265,-0.026844,-0.05423
0.067189,0.076953,0.046968
0.037095,0.02221,0.031682
0.095988,-0.062176,-0.044419
-0.016498,-0.058534,-0.067775
0.038299,0.31233,0.0056726
0.20301,-0.058801,0.1599
0.027035,-0.061547,-0.067604
0.060517,0.060862,0.022886
0.042988,-0.070572,0.052771
0.024807,-0.093116,0.013815
0.0040353,-0.070658,-0.037424
-0.10051,0.090303,-0.0076695
0.090896,0.020099,0.073486
-0.04858,0.066696,-0.049287
-0.049543,0.14572,-0.12172
0.016544,0.0073686,0.075278
-0.029523,-0.017083,0.042645
-0.0085515,0.032379,-0.038517
-0.07084,0.010233,-0.05544
0.11024,-0.03447,0.047705
-0.043696,0.10116,-0.020512
0.03641,-0.043199,0.022304
0.10483,-0.024677,0.15386
0.029216,0.08436,0.20248
0.021902,0.030823,0.14251
0.066461,-0.16242,0.13519
-0.054867,0.13693,-0.1009
0.045994,-0.0657,0.14175
0.088192,0.11948,0.27528
0.059921,0.33325,0.23863
0.068148,0.0057984,0.074261
0.13678,-0.17666,0.096523
-0.089477,-0.039124,-0.061691
0.017326,0.039139,0.019774
-0.011766,0.066283,0.022514
0.057469,0.039595,0.016487
-0.012572,-0.10448,-0.020216
0.053734,0.28048,0.08607
0.24745,-0.016276,0.27755
0.018398,-0.057072,-0.026965
0.044044,0.05085,0.065338
0.049431,-0.074291,0.04697
0.089128,-0.10067,0.061965
-0.10219,0.038954,0.020071
0.090463,-0.030024,0.10433
-0.042255,0.019092,-0.0047927
-0.03896,0.097871,-0.070857
0.029088,-0.03879,0.1191
-0.013764,-0.07304,0.079909
-0.026305,0.017663,-0.02982
-0.090098,0.0036306,-0.051788
0.10218,-0.032774,0.065088
-0.045251,0.10932,0.00053963
0.032216,-0.052317,0.055999
0.096519,-0.039043,0.17828
0.012732,0.31043,0.21974
0.035003,0.091312,0.23762
0.026183,-0.097064,0.13914
-0.062001,0.19788,-0.13764
0.028116,-0.0020483,0.087322
0.070464,0.24869,0.24305
0.057364,0.48232,0.28582
0.03635,0.090696,0.035394
0.075777,-0.083782,0.014136
-0.13119,0.024367,-0.13693
0.025127,0.072925,-0.012477
0.0080763,0.17213,0.02831
0.0405,0.23672,0.065611
-0.02351,-0.050653,-0.063881
0.026266,0.29362,-6.7209e-05
0.20764,0.074999,0.211
-0.015014,0.014571,-0.089287
0.080931,0.12242,0.10052
0.051415,-0.035758,0.024014
-0.079962,0.015233,-0.0083245
0.1234,-0.051918,0.086458
-0.0005792,0.0021956,-0.0081275
0.0021189,0.083688,-0.072216
0.059506,-0.045645,0.096812
0.010632,-0.087435,0.043006
-0.017778,0.043297,-0.068079
-0.07993,0.034793,-0.088961
0.12028,0.0054784,0.044267
-0.029942,0.15459,-0.019106
0.032537,-0.0098375,0.03119
0.10221,-0.0067486,0.14759
-0.013358,0.15775,0.14685
0.026755,-0.027845,0.25021
0.01446,-0.14914,0.17665
-0.086858,0.16468,-0.10352
0.0032469,-0.044499,0.060905
-0.0049099,0.2125,0.12089
0.027219,0.25992,0.2486
-0.030263,0.0075005,0.0031442
0.026614,-0.072201,0.022677
-0.12735,0.017156,-0.084166
0.049039,0.015535,0.040497
0.0027113,0.098822,0.032293
0.030343,0.23161,0.1227
-0.042149,-0.065351,-0.023781
-0.014532,0.1183,-0.080601
0.11833,0.033281,0.14703
-0.023138,0.004129,-0.045466
0.081104,0.04988,0.13566
-0.12829,0.017133,-0.077529
0.092571,-0.062859,0.042156
-0.019256,-0.013476,-0.030147
-0.018756,0.067322,-0.090706
0.01518,-0.036743,0.036968
-0.043524,-0.074641,-0.040268
-0.039185,0.011237,-0.083346
-0.090646,0.00073049,-0.093836
0.12862,-0.032874,0.066636
-0.0094457,0.11101,0.016653
0.030228,-0.044877,0.054046
0.092009,-0.043344,0.15157
-0.042875,0.017337,-0.020717
-0.0022786,-0.060634,0.14736
0.012789,-0.12812,0.13137
-0.077748,0.18378,-0.11577
0.01232,-0.030127,0.02066
0.022583,0.10767,0.032927
0.10546,-0.093908,0.21457
0.0064374,-0.051715,0.023297
0.070109,-0.024614,0.066042
-0.080292,0.048566,-0.056241
0.062598,0.0024063,0.0086675
-0.024184,0.050533,-0.071013
0.018582,0.24554,0.063692
-0.036687,-0.024134,-0.034023
0.011351,-0.0094487,-0.12436
0.1154,0.033058,0.10999
-0.019334,0.019524,-0.063948
0.038113,0.0030029,0.03913
0.12068,0.012908,0.1409
-0.076248,0.065228,-0.088794
-0.16228,0.050027,-0.13139
-0.073118,-0.055026,-0.027114
0.071082,-0.035694,0.17395
-0.10883,0.053305,-0.049768
-0.11914,0.034096,-0.040568
-0.10141,0.0054503,-0.095822
-0.20352,0.10583,-0.11439
-0.028689,0.055524,-0.039159
-0.022792,0.071679,0.040091
0.0068328,-0.16942,0.087507
-0.061805,0.13267,-0.10367
-0.032355,-0.033657,0.036843
-0.13706,0.19367,-0.095114
-0.048249,-0.010917,0.10907
-0.041997,0.060085,0.079801
0.014282,-0.13898,0.0021247
-0.082289,-0.073269,-0.092093
-0.0072878,-0.16554,-0.0054619
-0.17211,-0.0058265,-0.076411
-0.048854,0.15298,0.058267
-0.072073,0.13838,0.061412
-0.00069865,-0.10312,-0.046433
-0.094333,-0.036305,-0.02173
-0.043118,0.20911,-0.03497
0.063077,0.0029191,0.13055
-0.10903,-0.021236,-0.07949
-0.08082,0.065237,-0.02955
0.013611,-0.015325,-0.040588
0.10142,-0.13009,0.10846
0.18297,-0.12085,0.13629
0.15655,0.044689,0.061875
0.06979,-0.054529,0.065301
-0.018285,-0.037658,-0.0097757
-0.032876,-0.060614,-0.097263
-0.062679,0.011622,-0.046832
0.18498,-0.04998,0.1032
0.19809,-0.043027,0.18708
0.18883,-0.25263,0.16669
0.11914,0.051349,-0.0040776
0.15309,-0.10742,0.13383
0.043146,0.14422,-0.022846
0.13603,-0.070208,0.18006
0.14885,0.02589,0.15494
0.23449,-0.19199,0.14178
0.12213,-0.10227,0.031494
0.18416,-0.18683,0.098598
0.0046703,-0.046738,0.004655
0.12728,0.087207,0.13128
0.10252,0.070759,0.13313
0.17571,-0.13453,0.033502
0.086357,-0.091271,0.054372
0.14564,0.12759,0.035655
0.27242,-0.03979,0.24011
0.090242,-0.060807,0.020163
0.11437,0.01455,0.072913
0.023096,-0.12157,0.10244
-0.060254,0.086805,-0.11986
0.16169,0.043961,0.054954
0.042869,-0.035501,0.095472
-0.020676,-0.030784,0.049064
-0.030495,-0.057564,-0.030313
-0.084971,0.022402,-0.0082716
0.15199,-0.028666,0.12804
0.16364,-0.021226,0.20857
0.044788,-0.2348,0.013015
-0.026262,0.074491,-0.12507
0.011146,-0.068616,0.019397
-0.099935,0.20414,-0.14746
-0.0030468,-0.014812,0.06164
0.0084915,0.099174,0.040042
0.1044,-0.13597,0.074941
-0.015375,-0.031582,-0.055916
0.040808,-0.10747,-0.0091298
-0.14501,0.017201,-0.12443
-0.019262,0.12749,-0.0097344
-0.044645,0.10606,-0.017287
0.025464,-0.058925,-0.099522
-0.059363,-0.037527,-0.073027
0.002084,0.15866,-0.089587
0.13809,0.021583,0.13608
-0.045629,0.004676,-0.094497
-0.021426,0.070956,-0.045109
0.11673,0.075435,0.078649
0.0798,0.028542,0.0020569
0.037755,-0.0062232,0.074373
0.022516,-0.077263,0.11267
0.051874,-0.11258,0.069845
-0.086534,0.022326,-0.007144
0.099054,0.0045933,0.064338
0.11442,0.025465,0.14913
0.040108,-0.16053,-0.051675
-0.033071,0.13687,-0.17929
0.0095376,0.0061109,-0.039888
-0.09704,0.28956,-0.21395
0.0010812,0.064869,-0.0056804
-0.00014554,0.18233,-0.036479
0.069453,-0.072348,-0.0038799
-0.037766,0.041352,-0.1362
0.023602,-0.019916,-0.091856
-0.16015,0.10447,-0.20974
-0.029952,0.20438,-0.094231
-0.054018,0.18345,-0.098126
0.016512,0.047916,-0.16891
-0.060173,0.043757,-0.14322
-0.0047246,0.2221,-0.16666
0.11944,0.098007,0.048914
-0.054462,0.091587,-0.1732
-0.024723,0.16092,-0.11028
-0.0076031,-0.051999,-0.062465
0.1012,0.043301,0.13316
0.13491,-0.020404,0.2044
0.17389,-0.057333,0.17071
-0.01131,0.076472,0.059562
0.10601,0.056343,0.067035
0.11806,0.07953,0.15325
0.098571,-0.29262,0.14646
0.021816,0.01195,-0.012403
0.068915,-0.12845,0.13358
-0.025964,0.13702,-0.01868
0.076378,-0.079575,0.19025
0.066172,0.013427,0.14137
0.10551,-0.24164,0.095018
0.005776,-0.14311,-0.011751
0.073143,-0.20937,0.057662
-0.10428,-0.061838,-0.034724
0.023917,0.066226,0.094976
0.0021597,0.047307,0.099247
0.079781,-0.12672,0.016777
0.0054341,-0.10762,0.045375
0.059276,0.097657,0.018745
0.15841,-0.071841,0.19378
-0.01133,-0.076139,-0.010598
0.019632,0.0089908,0.058709
0.092717,-0.0045363,0.069096
0.12836,-0.055499,0.13648
0.164,-0.091761,0.099541
-0.010971,0.031235,0.0024
0.10292,0.0027053,0.0083472
0.11349,0.025589,0.093551
0.01958,-0.25108,0.11657
-0.048619,0.034721,-0.071598
0.010352,-0.13297,0.080571
-0.069985,0.097333,-0.050014
0.034688,-0.12192,0.15479
0.018738,-0.056191,0.091488
0.038312,-0.30762,-0.015929
-0.066865,-0.2147,-0.11225
-0.0027033,-0.27953,-0.029025
-0.17836,-0.10546,-0.10127
-0.057236,0.058828,0.040339
-0.078301,0.056642,0.057665
0.019514,-0.16693,-0.025466
-0.046199,-0.1397,0.0062049
0.0081264,0.075646,-0.02443
0.07583,-0.12915,0.1044
-0.097684,-0.12528,-0.089866
-0.071216,-0.014418,-0.016867
-0.035712,-0.097669,0.035647
0.080656,-0.15426,0.077242
-0.14916,-0.0019252,-0.096197
0.068811,-0.003056,0.0039729
0.10147,0.0089575,0.0871
0.062346,-0.24205,-0.0044152
0.017941,-0.032873,0.024535
0.031411,-0.1059,0.096604
-0.09481,0.21399,-0.16424
-0.038241,0.0030712,-0.057762
-0.085781,0.1719,-0.17036
0.012027,-0.21083,0.010362
-0.076836,0.0063403,-0.094176
-0.0054343,0.007018,-0.05263
-0.16988,0.064304,-0.18164
-0.023957,0.069833,-0.08333
-0.045643,0.064107,-0.091151
0.028469,0.094652,-0.049955
-0.057559,-0.022273,-0.093157
-0.045165,-0.0023618,-0.22481
0.050783,0.032699,-0.0031431
-0.066052,0.049934,-0.13988
0.0040952,0.081169,-0.017178
0.0035443,-0.041736,-0.05484
-0.088114,0.012711,-0.078057
0.088235,0.038716,-0.0042011
-0.17377,0.06666,-0.23743
0.030658,-0.24919,-0.0086685
-0.039842,-0.055565,0.016839
-0.038697,-0.12254,0.076556
-0.16206,0.19906,-0.18828
-0.1054,-0.0018549,-0.095554
-0.15233,0.17973,-0.22067
-0.056252,-0.22179,-0.034192
-0.14087,0.0092301,-0.12402
-0.067276,0.016544,-0.076502
-0.22503,0.061122,-0.19869
-0.075526,0.056098,-0.097782
-0.091441,0.055648,-0.10207
-0.032511,0.095051,-0.064499
-0.12137,-0.029106,-0.11478
-0.10772,-0.037755,-0.25826
-0.022559,0.02106,-0.048729
-0.12752,0.044632,-0.1603
-0.046266,0.071853,-0.024236
0.13583,-0.031522,0.17746
0.13055,0.044942,0.036016
0.12462,-0.13536,0.046117
0.2083,-0.29904,0.063624
0.14674,-0.11548,0.13633
0.15058,-0.16379,0.20089
0.039763,0.1577,-0.051624
0.095827,-0.028111,0.033693
0.050379,0.16908,-0.086953
0.14556,-0.23255,0.12989
0.064392,0.0016253,0.033484
0.13677,0.014187,0.069257
-0.017981,0.035981,-0.064217
0.12357,0.0049819,0.014071
0.096972,0.0027699,-0.012239
0.16098,0.078194,0.063
0.084183,-0.05821,0.02524
0.10038,-0.097645,-0.11468
0.16411,-0.0088101,0.06937
0.063382,0.015273,-0.038937
0.14073,0.030557,0.083906
0.081728,-0.041956,0.19861
-0.075971,-0.053771,-0.036956
0.028088,-0.18148,-0.053515
-0.0076157,-0.0055251,0.081471
0.0030148,-0.026847,0.14785
-0.10112,0.28872,-0.10604
-0.055107,0.11895,-0.048401
-0.10427,0.3235,-0.18189
-0.015061,-0.079701,0.046631
-0.085006,0.16128,-0.04138
-0.011281,0.18422,-0.0054721
-0.16178,0.18246,-0.14111
-0.031112,0.11984,-0.081694
-0.070623,0.1124,-0.12422
0.0067193,0.23749,0.0032403
-0.057944,0.085779,-0.035043
-0.045098,0.012043,-0.18682
-0.0095987,0.1332,-0.038628
-0.10379,0.15697,-0.13063
-0.031299,0.15713,-0.012879
-0.018681,-0.027721,-0.090727
0.051314,-0.3959,-0.070157
0.051219,-0.1703,0.093865
0.083281,-0.18976,0.19637
-0.040295,0.13168,-0.057484
-0.015747,-0.042107,0.0041182
-0.088775,0.15896,-0.13035
0.0044643,-0.22768,0.10629
-0.088315,-0.0026309,-0.019115
-0.019347,0.0029996,-0.0022414
-0.17099,0.0013285,-0.15199
-0.03023,-0.062589,-0.095512
-0.057005,-0.085473,-0.13756
0.056671,0.049243,0.021221
-0.016821,-0.084011,-0.0024774
-0.02563,-0.11901,-0.15108
0.0051376,-0.023302,-0.002545
-0.096022,-0.023021,-0.13198
-0.022241,-0.034706,-0.03368
0.14595,-0.34982,0.12026
0.12861,-0.1276,0.22475
0.15359,-0.17128,0.31402
0.02806,0.14975,0.053888
0.069498,-0.046694,0.13664
0.012471,0.13376,0.01144
0.11363,-0.26133,0.21904
0.022517,-0.029668,0.1109
0.092327,-0.021634,0.14405
-0.068203,0.0081298,0.0044964
0.072815,-0.022592,0.079832
0.0441,-0.038878,0.049945
0.13761,0.049127,0.15129
0.0592,-0.078314,0.11718
0.06376,-0.088892,-0.024408
0.13368,-0.020317,0.17012
0.021108,-0.0098341,0.035903
0.0884,-0.0024495,0.14241
-0.2263,0.11913,-0.25768
-0.23672,0.76477,-0.13638
-0.25395,0.59241,-0.16954
-0.16072,0.33496,-0.089297
0.019381,-0.50593,-0.10501
0.22329,-0.8676,-0.35353
0.15498,-0.70802,-0.23635
0.34205,-0.4884,0.20786
0.38691,0.05678,0.51538
0.56996,0.34726,0.76038
0.42448,0.13597,0.5183
-0.7094,0.20948,-0.9028
-0.63246,0.54702,-0.78723
-0.26493,0.26816,-0.41509
-0.1155,0.041535,0.034
-0.38374,0.58622,0.069133
-0.46069,0.86802,0.14137
0.036925,0.3199,0.18531
0.087541,-0.023378,0.30761
0.096776,-0.149,0.37658
0.13496,-0.53612,0.36931
-0.0095265,-0.35022,-0.067989
0.069028,-0.59379,-0.021077
0.34879,-0.71182,0.32291
0.28761,-0.34497,0.42129
0.25619,0.015048,0.42083
-0.026782,0.047124,0.078268
0.073617,-0.42915,0.12401
-0.045688,-0.27379,0.065837
0.07085,-0.034186,0.24285
-0.094686,-0.60473,0.0061987
-0.24439,-0.58264,-0.090772
-0.10315,-0.18164,0.094419
0.010866,-0.045497,0.11463
0.084283,-0.13744,0.31179
0.11601,-0.060458,0.41384
-0.15603,0.53933,-0.010262
0.056301,0.063122,0.010087
0.26942,-0.18869,0.17868
-0.017362,0.049248,-0.0096243
-0.044218,0.20032,-0.081253
-0.029217,0.24493,-0.14211
0.012816,0.26374,-0.044679
-0.0056272,-0.010211,0.072743
0.12115,0.43098,0.33261
0.11331,-0.1444,0.092297
0.011672,-0.1181,-0.047931
0.025005,0.23154,-0.0046291
0.058271,-0.006063,0.15067
0.1541,0.1085,0.37976
-0.20033,0.83113,-0.055551
0.1616,0.014715,0.083989
0.25363,-0.31242,0.19886
-0.069239,-0.17362,0.00074768
0.19589,-0.14099,0.14448
0.11035,0.074531,0.011172
0.23057,0.42419,0.41809
0.038563,-0.24858,0.073917
0.25001,0.5021,0.42933
0.40735,-0.13885,0.31658
0.047003,-0.18338,0.048412
0.26446,-0.097028,0.15936
0.065591,0.39096,0.24599
-0.20222,0.89764,-0.016794
0.010037,0.064232,-0.079105
0.031828,-0.014384,-0.0086495
0.029937,0.070346,0.037106
0.26746,-0.016319,0.16779
0.057789,0.12295,-0.026038
0.149,0.36964,0.35522
0.066071,0.0094273,0.15147
8.6542e-05,0.22324,-0.071027
0.15681,0.098374,0.14601
0.06018,-0.037852,0.0071662
0.037851,-0.087709,-0.010044
-0.21614,0.17001,-0.19849
0.0038506,-0.16409,0.076845
0.34645,-0.10313,0.45174
0.35262,-0.19531,0.44683
0.37119,-0.46395,0.30594
0.095277,-0.4867,-0.049236
0.1103,-0.0099072,0.27393
0.054604,-0.14745,0.16986
0.080503,-0.4217,0.091516
-0.025001,-0.22611,0.13025
-0.19011,-0.35628,-0.03744
-0.12045,-0.47258,-0.045113
0.43988,0.23006,0.49205
0.62634,0.5749,0.7706
0.42984,0.48994,0.55145
0.35136,-0.033464,0.21648
0.15657,-0.43362,-0.24196
-0.26807,0.46503,-0.37292
-0.5637,0.83937,-0.6583
-0.71291,0.38178,-0.86531
-0.47725,1.0699,0.13635
-0.35064,0.9928,0.16108
-0.13876,0.3353,0.046172
0.14221,0.41115,0.23781
0.0038481,0.30784,0.048039
-0.013873,-0.18608,-0.18063
-0.075352,-0.44061,-0.40675
-0.19511,0.03542,-0.36352
-0.19449,0.099781,-0.48688
-0.16014,-0.43844,-0.34414
-0.28853,0.25164,-0.18972
-0.34675,0.74635,-0.038439
-0.18123,0.21337,-0.073105
-0.049934,-0.080474,-0.092692
-0.052219,-0.4082,-0.21056
-0.022647,-0.40448,-0.2045
0.17969,-0.23701,0.07247
0.22561,-0.15644,0.044601
0.078367,0.033457,0.21659
-0.037489,0.042117,0.0029594
0.088479,0.099435,0.15841
0.12987,-0.094584,0.1804
-0.053979,-0.17624,-0.11566
-0.024277,0.04161,-0.0025666
0.13088,0.045606,0.20997
-0.10761,0.074943,-0.072999
0.19228,0.18783,0.28785
0.042857,0.21271,0.16289
-0.11633,0.0096859,-0.04774
0.07996,0.041771,0.19623
0.10462,0.29312,0.20881
-0.012159,0.18422,0.11165
0.13924,-0.0037119,-0.052836
0.18679,0.0076276,0.080045
0.099025,0.10608,0.14153
0.054747,0.17661,0.10643
0.01597,0.10956,0.067184
-0.20495,-0.26983,-0.41286
-0.27726,0.099315,-0.61178
-0.19062,0.11458,-0.38744
-0.17977,0.20477,-0.10075
-0.36363,0.61096,-0.10868
-0.19316,0.26057,-0.10393
-0.031898,0.28305,0.037163
0.024143,0.50976,0.15989
-0.5079,-0.1631,-0.57807
-0.65256,-0.27334,-0.6515
0.51072,0.53322,0.67359
0.047626,0.38887,0.13878
-0.63708,-0.25692,-1.026
0.70746,0.69099,0.73936
-0.78604,-0.25571,-1.2015
0.64644,0.46798,0.85295
-0.63165,-0.038717,-0.6054
-0.55663,-0.059534,-0.63638
-0.023115,0.16307,0.084323
-0.019237,0.014676,0.099576
-0.067447,0.0039103,0.0044459