3.6685e-14,2.2026e-14,1.9486e-14,1.5764e-14,1.4144e-14,-1.9307e-15,-9.0991e-15,-9.1712e-15,-1.6719e-14,-3.7439e-14,8.431e-16,2.8579e-16,1.3351e-15,2.0056e-15,1.1081e-15,1.6602e-15,2.1418e-18,-2.6877e-15,-4.7665e-15,3.3122e-14,2.1525e-14,1.7252e-14,1.2976e-14,1.8099e-14,2.3623e-14,-1.115e-14,-1.646e-14,-2.1272e-14,-3.2721e-14,-2.6007e-14,-1.8687e-14,1.1223e-14,2.923e-15,1.0225e-15,4.3721e-16,-5.9304e-16,-6.0356e-15,-1.8384e-14,-7.234e-15,-5.5731e-15,-1.4473e-15,2.6864e-15,3.9111e-15,1.9885e-15,-9.2888e-16,-5.7282e-15,-9.7013e-15,-6.2866e-16,5.1019e-15,-0.28728,-0.33735,-0.33906,-0.31747,-0.28545,-0.29166,-0.31896,-0.33712,-0.33112,-0.28749,-0.16376,-0.098248,-0.03262,0.038876,0.022233,0.060077,0.081753,0.058885,0.022318,-0.25783,-0.28575,-0.28427,-0.24847,-0.23736,-0.2333,-0.24591,-0.28422,-0.28505,-0.25901,-0.23474,-0.23806,0.19386,0.19167,0.21669,0.25322,0.21703,0.19018,0.1827,0.23984,0.26396,0.26599,0.26885,0.24768,0.23834,0.25718,0.233,0.20009,0.21131,0.20329
1.3259,0.73389,0.54874,0.40662,0.25135,-0.55296,-0.76893,-0.98566,-1.2396,-1.6198,-0.10737,-0.054128,0.0031971,0.054893,0.10006,0.10667,0.073555,-0.042377,-0.1345,1.0128,0.81293,0.60502,0.48574,0.68828,0.86951,-0.48895,-0.58385,-0.80695,-1.0372,-0.87372,-0.68358,0.50923,0.31588,0.16373,0.020138,-0.18387,-0.37055,-0.63027,-0.37159,-0.1447,0.037411,0.17233,0.34369,0.17083,0.034568,-0.21242,-0.21693,0.026954,0.19516,-6.4845e-15,3.2247e-15,2.6038e-15,-3.0296e-14,-4.3432e-14,-4.1526e-14,-3.0058e-14,-7.3934e-15,9.9046e-16,2.0396e-14,5.8594e-15,-4.9509e-15,-1.5667e-14,-2.7767e-14,1.8184e-14,4.9175e-15,-2.2521e-15,3.9629e-15,1.7666e-14,-1.2498e-15,-8.2737e-15,-5.4504e-15,1.8708e-14,1.3809e-14,-1.8005e-14,-1.4786e-15,-1.6626e-14,-7.2962e-15,6.6745e-15,6.879e-15,1.2965e-14,4.2927e-14,1.3629e-14,-3.7332e-15,-1.3866e-15,2.6332e-15,2.471e-14,5.5841e-14,7.632e-14,7.8699e-14,8.7062e-14,7.3888e-14,6.5554e-14,2.9314e-14,2.186e-14,3.2635e-14,4.0724e-14,3.8418e-14,3.5158e-14
-2.0126,-1.289,-1.2948,-0.96596,-0.59067,0.91512,1.3368,1.7622,2.0796,2.6501,0.10247,0.040981,-0.036745,-0.094116,-0.21431,-0.19723,-0.088626,0.14856,0.33901,-2.3243,-1.9636,-1.5602,-1.3483,-1.7228,-2.0625,1.3723,1.5107,1.9133,2.3863,2.0698,1.7294,-1.0049,-0.52619,-0.2478,-0.02693,0.27473,0.62566,1.209,0.77664,0.36,-0.021164,-0.34704,-0.68835,-0.3794,-0.051762,0.45662,0.49098,-0.03009,-0.41813,1.4341e-14,3.6577e-15,1.1951e-14,3.2736e-14,6.7005e-14,6.3787e-14,1.6469e-14,-9.6363e-16,-4.3803e-15,2.3105e-15,-1.1935e-14,2.5009e-14,6.8278e-14,1.1079e-13,-6.4002e-14,-2.3966e-14,-1.6021e-15,-2.6863e-14,-7.481e-14,-9.3171e-15,3.0291e-14,3.1194e-14,3.9828e-15,-2.8964e-14,-2.6951e-14,8.4312e-15,3.4184e-14,2.6936e-14,-1.6627e-14,-2.7212e-14,-2.5604e-14,-1.7702e-13,-6.9451e-14,-4.4395e-15,1.3209e-14,-7.949e-15,-7.7444e-14,-1.7474e-13,-1.7555e-13,-1.606e-13,-1.5286e-13,-1.5847e-13,-1.7268e-13,-6.6006e-14,-3.2423e-14,-6.9501e-14,-1.1056e-13,-8.9564e-14,-1.078e-13
2.4333,2.1717,2.1011,1.297,0.80901,-0.81797,-1.3457,-2.0633,-2.4478,-2.832,-0.045591,0.0071604,0.071383,0.1082,0.36012,0.25675,0.059228,-0.26064,-0.55661,2.7526,2.4116,1.9591,1.6659,2.0735,2.4419,-1.7145,-1.9007,-2.317,-2.821,-2.4607,-2.0907,0.99455,0.50714,0.25955,0.019061,-0.27861,-0.66049,-1.28,-0.90894,-0.50765,-0.057283,0.38,0.72174,0.52274,0.020099,-0.67109,-0.69965,-0.0037953,0.55849,-1.5829e-14,-1.7654e-14,-2.9096e-14,-7.8427e-14,-1.0434e-13,-1.0194e-13,-3.098e-14,-3.3067e-15,-4.7839e-15,-8.0537e-15,1.3919e-14,-3.805e-14,-1.0466e-13,-1.7121e-13,9.9042e-14,3.5875e-14,5.6855e-15,4.2193e-14,1.1277e-13,1.903e-14,-4.4218e-14,-5.1018e-14,-6.7463e-15,4.7733e-14,3.6985e-14,-1.2614e-14,-6.1798e-14,-4.8814e-14,3.1312e-14,3.9172e-14,4.2395e-14,2.6254e-13,1.0455e-13,1.4202e-14,-1.7671e-14,1.5438e-14,1.2578e-13,2.8184e-13,2.7625e-13,2.5438e-13,2.4664e-13,2.4911e-13,2.6179e-13,9.5911e-14,5.8885e-14,1.0933e-13,1.8316e-13,1.4526e-13,1.7225e-13
-2.2395,-1.9917,-1.5839,-0.86774,-0.88898,0.57465,0.87005,1.5466,2.0345,2.3097,-0.0092522,-0.0363,-0.054553,-0.054714,-0.3541,-0.23896,-0.066711,0.25262,0.56197,-2.1072,-1.7881,-1.3742,-1.0953,-1.4936,-1.8113,1.1326,1.3342,1.7224,2.1517,1.8326,1.4961,-0.81115,-0.49149,-0.30099,-0.010034,0.31102,0.64172,1.0666,0.79402,0.49161,0.12265,-0.27446,-0.57341,-0.48986,0.02644,0.69688,0.68792,0.048534,-0.52414,5.8317e-15,2.7161e-14,2.8813e-14,7.262e-14,6.8887e-14,7.1212e-14,2.7367e-14,1.1119e-14,1.7127e-14,8.4726e-15,-4.5606e-15,2.4039e-14,6.606e-14,1.0731e-13,-6.2353e-14,-2.1553e-14,-5.8193e-15,-2.7379e-14,-7.0839e-14,-1.6627e-14,2.4682e-14,3.4307e-14,5.7808e-15,-3.1327e-14,-1.9361e-14,9.0888e-15,4.5518e-14,3.5271e-14,-2.6262e-14,-2.2087e-14,-2.7439e-14,-1.5948e-13,-6.4379e-14,-1.4392e-14,1.0489e-14,-1.3277e-14,-8.7088e-14,-1.9131e-13,-1.8094e-13,-1.6519e-13,-1.6323e-13,-1.5913e-13,-1.6192e-13,-5.7295e-14,-4.4331e-14,-7.3463e-14,-1.2558e-13,-9.4307e-14,-1.1109e-13
0.79367,0.70908,0.59549,0.52963,0.84672,-0.48084,-0.46024,-0.62907,-0.78732,-0.85474,-0.010016,-0.00095223,0.004909,0.0062426,0.10848,0.089933,0.05361,-0.065552,-0.18666,0.62976,0.50281,0.35358,0.26422,0.42244,0.53188,-0.27039,-0.33191,-0.48694,-0.65331,-0.54415,-0.41799,0.26026,0.18298,0.12833,0.006387,-0.13472,-0.24289,-0.35171,-0.25257,-0.15968,-0.045891,0.084059,0.17999,0.16356,-0.015764,-0.25942,-0.23705,-0.023025,0.17834,4.4311e-15,-1.9737e-14,-2.3202e-14,-3.6911e-14,-2.2692e-14,-1.8587e-14,-9.6291e-15,-7.4518e-15,-1.3406e-14,-7.8336e-15,-1.2237e-14,-1.1351e-14,-1.9349e-14,-2.6626e-14,2.3038e-14,1.0044e-14,2.28e-15,9.9337e-15,2.2214e-14,7.9758e-15,-1.2042e-14,-1.5457e-14,-8.7585e-15,1.2621e-14,1.7019e-14,-3.7017e-15,-1.5742e-14,-1.6463e-14,7.9095e-15,9.3696e-15,1.1135e-14,5.0392e-14,3.0592e-14,8.2787e-15,-1.6853e-15,2.44e-15,3.2892e-14,6.1945e-14,4.682e-14,3.3743e-14,2.8251e-14,3.5811e-14,4.405e-14,1.4483e-14,1.0205e-14,2.0209e-14,3.2761e-14,1.3363e-14,3.0047e-14
-0.22944,-0.21927,-0.20009,-0.20211,-0.37423,0.73796,0.28393,0.2291,0.23392,0.19227,0.0059362,-0.0092982,-0.021703,-0.019206,-0.081448,-0.037497,0.015141,0.06341,0.084666,0.017062,0.045421,0.10056,0.036957,-0.010548,-0.013946,-0.048126,-0.10226,-0.053597,-0.020955,0.026045,0.023382,-0.10168,-0.065198,-0.049799,-0.0064537,0.056253,0.074152,0.11891,0.1105,0.052448,-0.017328,-0.058518,-0.089853,-0.14241,-0.018831,0.13279,0.1488,0.0040647,-0.10753,8.9757e-15,9.4742e-15,1.7482e-14,4.3306e-14,5.6018e-14,4.9885e-14,3.3424e-14,1.36e-14,3.6918e-15,-6.4254e-15,-4.8698e-15,2.0746e-15,8.7523e-15,1.6931e-14,-5.8852e-15,-2.4521e-15,1.8867e-15,-4.2887e-15,-1.2328e-14,-8.825e-16,9.4532e-15,7.9176e-15,-1.096e-14,-1.2289e-14,5.9939e-15,-2.0412e-16,1.378e-14,8.208e-15,-7.5541e-15,-5.5998e-15,-8.5503e-15,-4.1288e-14,-7.8102e-15,2.0648e-15,3.4228e-15,-5.3413e-15,-2.4398e-14,-5.6083e-14,-7.8827e-14,-7.7118e-14,-7.8075e-14,-7.0139e-14,-6.6118e-14,-2.2812e-14,-2.1459e-14,-2.9822e-14,-4.5594e-14,-3.6118e-14,-3.6584e-14
1.0503,0.96492,0.77633,0.47051,0.51952,-0.72745,-0.44948,-0.90689,-1.0691,-1.0541,-0.017222,-0.0034206,0.0065795,-0.0092179,0.3892,0.19592,-0.031077,-0.21482,-0.31594,0.86459,0.6689,0.42406,0.35238,0.60465,0.78004,-0.29226,-0.43235,-0.68772,-0.87609,-0.80186,-0.60435,0.67565,0.35986,0.17929,0.012753,-0.19204,-0.36117,-0.67772,-0.50336,-0.24825,0.048502,0.29596,0.4993,0.49514,0.041308,-0.44923,-0.4981,0.00040782,0.47273,-1.2327e-16,-5.0584e-15,-2.219e-14,-1.9658e-14,-6.1833e-14,-6.2474e-14,-4.1405e-14,-3.0346e-14,-1.023e-14,1.8685e-15,9.2901e-15,-2.1861e-15,-1.0364e-14,-1.5986e-14,6.3937e-15,1.4058e-15,-4.0588e-15,3.0129e-15,1.5562e-14,-2.169e-15,-1.3077e-14,-8.7326e-15,1.1434e-15,8.9762e-15,1.3085e-14,-1.24e-15,-5.3756e-15,-4.7921e-15,7.4721e-16,1.1316e-14,8.1263e-15,3.3264e-14,1.3213e-14,-4.484e-15,-7.588e-15,1.0321e-15,1.3508e-14,2.5682e-14,4.912e-14,5.0267e-14,4.4044e-14,4.538e-14,4.8301e-14,2.4943e-14,6.3969e-15,2.1334e-14,2.1464e-14,1.6244e-14,2.1204e-14
-2.5771,-2.3194,-2.0483,-1.4844,-1.0757,0.90523,1.4011,2.1641,2.1884,2.4263,-0.01865,-0.0055785,0.017912,0.035274,-0.60321,-0.29883,0.05985,0.32352,0.48972,-2.4515,-1.9428,-1.4532,-1.0211,-1.5528,-2.0533,0.94241,1.4996,1.9994,2.4497,2.0625,1.5213,-1.3777,-0.76006,-0.33401,0.00020979,0.3338,0.7523,1.3631,0.92127,0.4844,0.0085872,-0.45055,-0.87595,-0.67502,0.0011786,0.6508,0.7157,0.011807,-0.71945,-3.8446e-15,1.1841e-14,1.6097e-14,-9.6343e-15,-5.1876e-16,8.2189e-15,3.5132e-14,4.1153e-14,3.0917e-14,1.1275e-14,1.4454e-14,-1.4671e-14,-5.5828e-14,-9.8249e-14,5.0698e-14,2.016e-14,5.2919e-15,2.1473e-14,5.247e-14,1.2706e-14,-1.499e-14,-2.0797e-14,-5.8479e-15,1.8518e-14,1.232e-14,-6.8404e-15,-2.7535e-14,-2.0401e-14,1.8265e-14,1.1272e-14,1.5091e-14,1.2914e-13,4.833e-14,9.6486e-15,-4.5942e-15,7.0343e-15,5.8093e-14,1.3654e-13,1.1341e-13,9.669e-14,9.4536e-14,9.821e-14,1.1231e-13,3.2501e-14,1.9948e-14,4.0087e-14,8.2156e-14,6.8659e-14,8.14e-14
2.9354,2.3569,1.9999,1.52,1.0057,-0.68164,-1.1921,-1.6105,-1.6838,-2.5257,0.054644,0.020594,-0.020375,-0.032058,0.43474,0.21354,-0.071092,-0.24788,-0.35211,2.5009,1.9513,1.45,1.0138,1.5383,2.0592,-0.98641,-1.4992,-1.9824,-2.4742,-2.0499,-1.5213,1.3153,0.79047,0.3557,-0.01096,-0.34474,-0.77317,-1.2673,-0.81622,-0.41035,-0.033189,0.36388,0.78378,0.50446,-0.023314,-0.49142,-0.54337,-0.01262,0.54714,4.2898e-15,-1.0144e-14,-5.853e-15,1.5625e-14,3.4183e-14,2.6309e-14,-1.4057e-14,-2.4819e-14,-2.7464e-14,-1.6232e-14,-2.1275e-14,1.6485e-14,6.3682e-14,1.1031e-13,-5.5676e-14,-2.1225e-14,-2.0147e-15,-2.3879e-14,-6.414e-14,-1.2108e-14,2.2625e-14,2.5527e-14,6.5696e-15,-2.2987e-14,-2.0758e-14,8.9636e-15,3.0087e-14,2.1945e-14,-1.9834e-14,-1.8576e-14,-1.8896e-14,-1.5554e-13,-5.8148e-14,-6.0937e-15,9.9364e-15,-7.9633e-15,-6.8164e-14,-1.5667e-13,-1.44e-13,-1.2456e-13,-1.1722e-13,-1.2384e-13,-1.4296e-13,-4.8579e-14,-2.198e-14,-5.4021e-14,-9.4159e-14,-7.6274e-14,-9.3214e-14
-1.6036,-1.2189,-0.96194,-0.72117,-0.46018,0.20929,0.39848,0.56187,0.75921,1.3785,-0.080208,-0.039249,0.00067767,0.0279,-0.12337,-0.044956,0.059812,0.096467,0.10292,-0.96087,-0.74571,-0.53135,-0.37037,-0.57375,-0.78148,0.36977,0.54732,0.74459,0.94445,0.77844,0.57895,-0.52716,-0.36435,-0.18363,0.01162,0.17201,0.33891,0.46507,0.30581,0.15057,0.030543,-0.11685,-0.29771,-0.19559,0.01709,0.17853,0.20051,0.017609,-0.19163,-4.9972e-15,-1.2093e-14,-2.3044e-14,-4.344e-14,-5.2401e-14,-5.956e-14,-3.8953e-14,-1.4433e-14,7.4581e-16,1.5818e-14,7.9809e-15,-1.9795e-15,-9.7182e-15,-2.123e-14,1.0791e-14,3.2201e-15,-3.4374e-15,2.8475e-15,1.0532e-14,8.718e-15,-7.5624e-15,-1.2174e-14,7.307e-15,1.0366e-14,-6.4586e-15,1.1423e-16,-1.7874e-14,-9.2432e-15,1.3373e-14,4.066e-15,7.8742e-15,4.562e-14,1.207e-14,1.5722e-15,-2.4083e-15,2.9713e-15,2.0498e-14,5.5418e-14,7.1399e-14,6.7357e-14,7.0587e-14,6.2537e-14,6.4823e-14,2.4058e-14,2.1272e-14,2.636e-14,4.8357e-14,4.3977e-14,3.9718e-14
1.34,1.1079,0.85087,0.55509,0.26291,-0.92217,-1.4208,-1.9267,-2.2545,-2.2419,-0.2443,-0.34797,-0.052328,0.1502,0.035511,0.16854,0.17409,0.080171,0.036076,1.7278,1.3815,1.0282,1.0246,1.2248,1.4687,-0.93763,-1.1155,-1.4708,-1.6168,-1.4871,-1.2277,0.63792,0.32671,0.21567,-0.020447,-0.19523,-0.20592,-0.2868,-0.1908,-0.10351,-0.012301,0.21711,0.46868,0.15201,-0.022842,-0.073159,-0.087938,-0.042986,0.2199,9.0024e-14,2.0111e-13,3.2964e-13,6.3695e-13,7.9771e-13,7.1514e-13,2.9617e-13,9.2466e-14,5.4639e-14,5.7989e-14,-9.7122e-14,1.9897e-13,5.9246e-13,9.9013e-13,-5.5521e-13,-2.0335e-13,-2.5386e-14,-2.3976e-13,-6.3932e-13,-1.2949e-13,2.7734e-13,3.2505e-13,5.3831e-14,-2.8952e-13,-2.4696e-13,7.0259e-14,3.7385e-13,2.9862e-13,-2.0147e-13,-2.2978e-13,-2.5331e-13,-1.5242e-12,-5.953e-13,-8.5136e-14,1.0267e-13,-8.943e-14,-7.2664e-13,-1.6486e-12,-1.627e-12,-1.4826e-12,-1.4164e-12,-1.4446e-12,-1.5404e-12,-5.5428e-13,-3.3045e-13,-6.3048e-13,-1.0815e-12,-8.5001e-13,-1.0148e-12
0,0,0,0,0,0,0,0,0,0,0,0,0,0,0,0,0,0,0,0,0,0,0,0,0,0,0,0,0,0,0,0,0,0,0,0,0,0,0,0,0,0,0,0,0,0,0,0,0,0,0,0,0,0,0,0,0,0,0,0,0,0,0,0,0,0,0,0,0,0,0,0,0,0,0,0,0,0,0,0,0,0,0,0,0,0,0,0,0,0,0,0,0,0,0,0,0,0
-1.9189,-1.6997,-1.3828,-1.0853,-0.78937,-0.12272,-0.25382,-0.32935,-0.18651,0.1769,-0.68037,-0.55228,-0.010078,0.23964,-0.49667,-0.054954,0.29539,0.52857,0.73076,-0.38398,-0.25741,-0.10681,0.1071,-0.11768,-0.2635,0.0045988,0.10512,0.17885,0.40282,0.2147,0.1162,-0.84851,-0.55431,-0.21753,-0.0077967,0.22532,0.67971,1.1942,0.85557,0.52614,0.19312,-0.060247,-0.32616,-0.34409,0.056269,0.53596,0.57886,0.026587,-0.2789,1.3757e-13,2.163e-13,4.0145e-13,7.2881e-13,1.0482e-12,9.44e-13,3.8728e-13,1.3423e-13,2.9997e-14,6.5673e-14,-1.5995e-13,2.5633e-13,7.9381e-13,1.3158e-12,-7.1756e-13,-2.692e-13,-3.0988e-14,-3.1822e-13,-8.5516e-13,-1.5135e-13,3.6945e-13,4.08e-13,6.674e-14,-3.6542e-13,-3.3359e-13,9.1199e-14,4.5845e-13,3.6292e-13,-2.4983e-13,-3.0467e-13,-3.2071e-13,-1.9914e-12,-7.6699e-13,-8.3032e-14,1.5025e-13,-1.1367e-13,-9.3106e-13,-2.1122e-12,-2.114e-12,-1.9274e-12,-1.8184e-12,-1.8629e-12,-2.0103e-12,-7.4712e-13,-4.053e-13,-8.3354e-13,-1.3748e-12,-1.0774e-12,-1.2978e-12
1.2043,1.0514,0.82928,0.56755,0.31938,-0.70022,-0.97829,-1.2866,-1.5164,-1.5457,-0.20596,-0.24619,-0.018182,0.21224,0.038938,0.12666,0.12539,0.012936,-0.045837,1.3198,1.0312,0.72999,0.73269,0.92742,1.1351,-0.70701,-0.80485,-1.0931,-1.2178,-1.1228,-0.93057,0.65156,0.31522,0.18002,-0.019743,-0.16027,-0.20466,-0.28662,-0.22215,-0.15941,-0.066632,0.1859,0.42984,0.15118,-0.023515,-0.07156,-0.11295,-0.050631,0.18419,4.1603e-14,1.3367e-13,2.0204e-13,4.1119e-13,4.5819e-13,4.0824e-13,1.6855e-13,4.5209e-14,4.5019e-14,3.5191e-14,-4.6029e-14,1.1452e-13,3.3586e-13,5.6706e-13,-3.2311e-13,-1.1611e-13,-1.5864e-14,-1.3663e-13,-3.6184e-13,-8.3069e-14,1.5714e-13,1.9462e-13,3.3127e-14,-1.7236e-13,-1.3837e-13,4.1166e-14,2.286e-13,1.8385e-13,-1.2368e-13,-1.3025e-13,-1.4996e-13,-8.817e-13,-3.4816e-13,-6.1636e-14,5.3263e-14,-5.3493e-14,-4.2819e-13,-9.7115e-13,-9.4867e-13,-8.6334e-13,-8.3468e-13,-8.4759e-13,-8.9354e-13,-3.11e-13,-2.0179e-13,-3.6091e-13,-6.4374e-13,-5.0632e-13,-6.0057e-13
2.0835,1.8632,1.4989,1.139,0.77868,-0.95332,-1.4525,-1.9639,-2.3457,-2.3986,-0.18852,-0.25319,-0.067956,0.020359,0.69446,0.30577,0.088476,-0.1509,-0.4485,2.0849,1.6756,1.2968,1.2134,1.5242,1.8203,-1.1747,-1.3531,-1.7328,-2.0182,-1.8175,-1.519,1.0663,0.5094,0.26458,-0.034009,-0.23057,-0.30622,-0.58384,-0.39831,-0.1903,0.01402,0.34574,0.74716,0.31774,-0.014556,-0.14506,-0.12715,0.0046874,0.37549,8.0312e-14,1.4516e-13,2.5099e-13,4.825e-13,6.2493e-13,5.5146e-13,2.2778e-13,6.328e-14,2.4576e-14,3.6279e-14,-8.4104e-14,1.4762e-13,4.567e-13,7.6191e-13,-4.2147e-13,-1.5479e-13,-1.5786e-14,-1.8253e-13,-4.9536e-13,-9.2937e-14,2.1517e-13,2.429e-13,3.8262e-14,-2.2235e-13,-1.8653e-13,5.631e-14,2.756e-13,2.1572e-13,-1.5097e-13,-1.7339e-13,-1.8916e-13,-1.1603e-12,-4.4918e-13,-5.6688e-14,8.5598e-14,-7.1412e-14,-5.5745e-13,-1.2484e-12,-1.2487e-12,-1.1372e-12,-1.0816e-12,-1.0977e-12,-1.18e-12,-4.305e-13,-2.4315e-13,-4.9154e-13,-8.2336e-13,-6.4785e-13,-7.6732e-13
-2.2433,-2.0624,-1.6821,-1.379,-1.0581,0.2714,0.19209,0.15412,0.24329,0.36898,-0.59325,-0.46223,-0.01882,0.32588,-0.50131,0.19414,0.29195,0.28932,0.47432,-0.83252,-0.59209,-0.39149,-0.2331,-0.54659,-0.76287,0.39946,0.41295,0.51512,0.81315,0.67671,0.54126,-1.1911,-0.51535,-0.17358,0.056748,0.11683,0.29972,0.80314,0.58317,0.28511,0.024241,-0.25512,-0.68146,-0.42665,0.033629,0.26551,0.22654,-0.060044,-0.4026,5.2234e-14,1.3347e-13,2.1662e-13,4.222e-13,5.2044e-13,4.6807e-13,1.9e-13,5.6072e-14,3.7771e-14,3.6609e-14,-6.2559e-14,1.3299e-13,3.9261e-13,6.558e-13,-3.692e-13,-1.3441e-13,-1.7886e-14,-1.5881e-13,-4.2223e-13,-8.8205e-14,1.8157e-13,2.1652e-13,3.8977e-14,-1.9153e-13,-1.6518e-13,4.7978e-14,2.4913e-13,1.9889e-13,-1.3465e-13,-1.5178e-13,-1.6755e-13,-1.0094e-12,-3.9579e-13,-5.9806e-14,6.7227e-14,-5.9047e-14,-4.8271e-13,-1.0952e-12,-1.0744e-12,-9.7921e-13,-9.3524e-13,-9.5539e-13,-1.0155e-12,-3.6445e-13,-2.2063e-13,-4.1492e-13,-7.1649e-13,-5.6458e-13,-6.7204e-13
-1.5361,-1.3271,-1.044,-0.76921,-0.5124,0.41896,0.59017,0.78786,1.108,1.5318,-0.052783,-0.15764,-0.027563,0.031194,-0.50199,-0.2671,0.058614,0.25957,0.65769,-0.84707,-0.70039,-0.58454,-0.30752,-0.49911,-0.64994,0.31938,0.48724,0.6508,0.94268,0.69032,0.49816,-0.60891,-0.46266,-0.22387,-0.075788,0.29966,0.7883,1.3771,0.86669,0.44736,0.027805,-0.22364,-0.36238,-0.20034,-0.046124,0.48832,0.55223,0.017491,-0.16551,6.539e-14,1.4847e-13,2.4038e-13,4.6041e-13,5.6563e-13,5.0772e-13,2.1403e-13,6.9626e-14,4.2248e-14,4.4875e-14,-6.932e-14,1.373e-13,4.1554e-13,6.9721e-13,-3.8747e-13,-1.4227e-13,-1.8851e-14,-1.6879e-13,-4.4785e-13,-9.264e-14,1.9554e-13,2.2911e-13,3.633e-14,-2.0514e-13,-1.7221e-13,4.6782e-14,2.6602e-13,2.1407e-13,-1.4343e-13,-1.6081e-13,-1.796e-13,-1.0667e-12,-4.1528e-13,-6.1102e-14,7.0051e-14,-6.3904e-14,-5.1146e-13,-1.1657e-12,-1.1543e-12,-1.0515e-12,-1.0078e-12,-1.0245e-12,-1.0873e-12,-3.8712e-13,-2.3443e-13,-4.4457e-13,-7.7192e-13,-6.0643e-13,-7.2093e-13
4.0516,3.5939,2.8475,2.0954,1.4503,-1.9894,-2.8657,-3.8104,-4.6577,-5.0263,-0.494,-0.39772,-0.012433,0.25774,0.49974,0.35991,0.34942,0.11663,-0.67928,3.7518,3.034,2.3376,2.0391,2.6466,3.2499,-2.037,-2.2976,-3.0224,-3.7144,-3.3156,-2.6719,1.7141,0.86994,0.494,0.045836,-0.53984,-1.0529,-2.0589,-1.3509,-0.6951,-0.085896,0.58159,1.2103,0.35523,0.0089525,-0.55954,-0.62425,-0.11013,0.3791,7.0043e-14,1.1725e-13,2.1293e-13,3.9693e-13,5.5631e-13,4.9611e-13,2.0235e-13,6.5212e-14,1.9733e-14,3.6761e-14,-7.6454e-14,1.3882e-13,4.1736e-13,6.8987e-13,-3.8379e-13,-1.4356e-13,-1.6402e-14,-1.6737e-13,-4.4984e-13,-8.094e-14,1.9752e-13,2.2124e-13,3.3923e-14,-1.9724e-13,-1.7544e-13,4.7745e-14,2.4723e-13,1.9791e-13,-1.3124e-13,-1.6151e-13,-1.7421e-13,-1.0621e-12,-4.1197e-13,-4.7604e-14,7.8025e-14,-5.8754e-14,-4.947e-13,-1.1187e-12,-1.1206e-12,-1.0257e-12,-9.7044e-13,-9.9488e-13,-1.0714e-12,-3.9657e-13,-2.1881e-13,-4.409e-13,-7.3024e-13,-5.7385e-13,-6.9266e-13
-2.216,-1.9877,-1.5786,-1.2125,-0.89882,0.50975,0.61062,0.76148,1.0595,1.3645,-0.25425,-0.29811,-0.074071,0.060531,-0.78568,-0.27447,0.055862,0.44034,1.1298,-1.2693,-1.0194,-0.78597,-0.50534,-0.82894,-1.0831,0.63699,0.71572,0.91512,1.3056,1.0746,0.84404,-0.95548,-0.55605,-0.23715,-0.032069,0.26922,0.74291,1.4246,0.95076,0.48803,0.065369,-0.26756,-0.59144,-0.2851,-0.0074756,0.47758,0.49898,0.019079,-0.23569,7.394e-14,1.3648e-13,2.3471e-13,4.6637e-13,5.9454e-13,5.3792e-13,2.2176e-13,6.2432e-14,3.6106e-14,4.7707e-14,-7.4205e-14,1.4537e-13,4.4393e-13,7.4004e-13,-4.1208e-13,-1.5116e-13,-1.8997e-14,-1.7862e-13,-4.7917e-13,-9.2367e-14,2.1095e-13,2.4053e-13,3.8361e-14,-2.1745e-13,-1.8846e-13,5.3599e-14,2.7543e-13,2.2026e-13,-1.4821e-13,-1.7352e-13,-1.8907e-13,-1.1282e-12,-4.3764e-13,-5.93e-14,7.8069e-14,-6.8134e-14,-5.4233e-13,-1.2248e-12,-1.2135e-12,-1.1031e-12,-1.0547e-12,-1.0674e-12,-1.1421e-12,-4.1702e-13,-2.4105e-13,-4.7712e-13,-8.0624e-13,-6.3248e-13,-7.5148e-13
-2.2005,-1.9472,-1.5249,-1.1031,-0.746,0.44576,0.70308,1.0006,1.2906,1.4116,-0.12124,-0.046323,0.056294,0.1458,-0.43526,-0.18275,0.047214,0.19912,0.33715,-0.81806,-0.84376,-0.55435,-0.42106,-0.62548,-0.88996,0.42337,0.57057,0.80905,0.88584,0.84669,0.61714,-1.0685,-0.56406,-0.26072,0.039832,0.22088,0.3959,0.71675,0.50456,0.26161,0.019629,-0.33103,-0.70909,-0.39264,0.011829,0.26932,0.26371,0.018742,-0.39233,-1.4566e-14,-1.5902e-14,-2.0251e-14,2.4331e-14,4.984e-15,5.2995e-15,7.6149e-15,-1.3871e-14,-1.5891e-14,-4.0254e-14,-1.8187e-15,-7.6724e-16,-4.6037e-15,-1.9552e-15,-9.9958e-16,4.8507e-15,5.3666e-15,1.8082e-15,-2.5559e-15,9.6021e-17,-9.9889e-15,-5.6208e-15,-1.2138e-14,-2.3261e-15,2.9729e-14,7.5287e-15,8.219e-15,-9.677e-15,-7.7422e-15,3.9953e-15,9.7494e-16,1.9176e-14,3.9515e-15,3.7414e-15,-2.481e-15,-4.3675e-15,-1.826e-14,-1.6554e-14,-1.3061e-14,-1.5304e-15,-9.0968e-15,-2.521e-16,6.6331e-15,-5.0299e-16,-1.8916e-14,-1.3372e-14,-1.5644e-15,8.7737e-15,1.1726e-14
2.0453,1.7171,1.2532,0.77821,0.38961,-0.38404,-0.61607,-0.91133,-1.2607,-1.4936,0.067871,0.0018394,-0.075358,-0.13938,0.28191,0.14525,-0.0037601,-0.11408,-0.1643,1.2977,1.3743,0.82192,0.69492,0.87086,1.1426,-0.72545,-0.90906,-1.2664,-1.2806,-1.1252,-0.89554,0.86437,0.33228,0.1234,-0.024919,-0.098479,-0.2168,-0.53415,-0.42701,-0.24207,-0.014541,0.31982,0.62771,0.35917,0.02049,-0.24185,-0.25355,-0.028455,0.32278,-3.8379e-15,1.2702e-14,-1.3148e-14,-3.1598e-14,-9.9127e-14,-9.1008e-14,-2.3094e-14,3.5942e-16,3.5966e-14,2.3476e-14,5.2733e-14,-7.9747e-15,-8.5691e-14,-1.5218e-13,5.9467e-14,2.1032e-14,-5.5205e-16,2.8214e-14,8.7176e-14,7.2499e-15,-3.5087e-14,-3.2796e-14,1.5813e-15,3.1354e-14,2.7508e-14,-7.5062e-15,-3.2767e-14,-2.211e-14,2.5301e-14,2.2597e-14,2.3157e-14,1.7068e-13,6.6082e-14,2.0939e-15,-2.2941e-14,1.1157e-14,8.1503e-14,1.6733e-13,1.8792e-13,1.6848e-13,1.5461e-13,1.5976e-13,1.7861e-13,7.9338e-14,2.73e-14,8.2145e-14,1.0884e-13,7.7624e-14,1.0449e-13
-1.2371,-0.92777,-0.67265,-0.44143,-0.27501,0.50274,0.58077,0.69829,0.91354,1.2022,0.055824,0.060799,0.065553,0.057398,-0.37757,-0.21781,-0.044776,0.12862,0.27197,-1.1682,-1.0074,-0.53194,-0.69018,-0.90104,-1.1026,0.71348,0.69847,0.96859,1.1509,1.0083,0.86173,-0.53014,-0.14464,-0.040243,0.0087683,0.031475,0.10075,0.34595,0.29977,0.22968,0.01569,-0.25255,-0.39994,-0.3034,-0.01957,0.24791,0.25957,0.019585,-0.27517,3.8526e-15,-1.7446e-14,1.3274e-14,2.6098e-14,1.0734e-13,9.6783e-14,2.5021e-14,-2.3781e-16,-4.2023e-14,-2.8611e-14,-6.152e-14,7.9735e-15,9.5161e-14,1.6975e-13,-6.531e-14,-2.2822e-14,1.7324e-15,-3.1039e-14,-9.7513e-14,-8.2989e-15,3.8682e-14,3.4782e-14,7.1846e-16,-3.2498e-14,-3.1969e-14,9.8505e-15,3.5585e-14,2.3522e-14,-2.8863e-14,-2.5298e-14,-2.4282e-14,-1.9185e-13,-7.3214e-14,-5.1115e-16,2.607e-14,-1.2421e-14,-8.9273e-14,-1.8277e-13,-2.0028e-13,-1.7717e-13,-1.5834e-13,-1.6578e-13,-1.9273e-13,-8.6977e-14,-2.685e-14,-8.8964e-14,-1.1555e-13,-8.1229e-14,-1.1109e-13
1.0751,0.96212,0.78734,0.56139,0.34102,-0.94814,-1.3659,-1.7622,-2.0546,-2.1844,-0.39666,-0.35476,-0.041906,0.17836,0.15141,0.2354,0.1634,0.046366,0.018391,1.58,1.3842,1.025,1.0476,1.0479,1.3412,-0.85214,-1.0807,-1.4441,-1.5929,-1.3758,-1.0803,0.41892,0.29821,0.17975,-0.016074,-0.16368,-0.2524,-0.28507,-0.2519,-0.15475,-0.047172,0.16555,0.34797,0.2654,-0.028368,-0.20003,-0.22728,-0.070962,0.27952,6.0043e-14,1.2194e-13,2.1743e-13,4.1913e-13,5.3787e-13,4.7716e-13,1.9934e-13,6.248e-14,3.721e-14,4.1986e-14,-5.6077e-14,1.3549e-13,3.9764e-13,6.5844e-13,-3.7557e-13,-1.4367e-13,-1.9946e-14,-1.6045e-13,-4.2256e-13,-8.6454e-14,1.9715e-13,2.2097e-13,3.3524e-14,-1.9792e-13,-1.7312e-13,4.4351e-14,2.4884e-13,2.0647e-13,-1.3152e-13,-1.5701e-13,-1.7689e-13,-1.0405e-12,-4.0582e-13,-5.6501e-14,6.8211e-14,-5.4677e-14,-4.743e-13,-1.0961e-12,-1.0966e-12,-1.0142e-12,-9.6948e-13,-9.912e-13,-1.0559e-12,-3.8315e-13,-2.1407e-13,-4.2215e-13,-7.281e-13,-5.8245e-13,-6.9689e-13
-2.061,-2.0606,-1.7591,-1.3323,-0.87672,1.1639,1.6725,2.1441,2.5453,2.8214,0.17935,0.06363,-0.061436,-0.19127,-0.31169,-0.23537,-0.021705,0.21878,0.35971,-2.0207,-1.7166,-1.0725,-0.59107,-0.7975,-1.6298,0.46235,1.0626,1.7197,2.0536,1.6199,0.9099,-0.89123,-0.80294,-0.44309,-0.024349,0.46744,0.99805,1.3537,0.96202,0.46425,0.11042,-0.20482,-0.58724,-0.39572,0.057906,0.57537,0.62218,0.077396,-0.38795,2.1119e-15,3.4359e-14,2.4383e-14,2.7203e-14,-2.3019e-15,-2.7018e-15,1.7107e-14,2.1503e-14,4.199e-14,2.395e-14,3.7748e-14,7.0316e-15,-3.158e-14,-6.432e-14,1.3639e-14,6.2335e-15,2.5312e-16,7.9669e-15,2.4201e-14,5.5364e-16,-8.3166e-15,-2.2207e-15,1.5363e-15,3.335e-15,4.3771e-15,-1.0862e-15,-1.9874e-15,-2.7515e-16,7.4421e-15,-6.9582e-16,2.6222e-15,4.3319e-14,1.6172e-14,-1.0031e-15,-7.5009e-15,1.2475e-15,1.2824e-14,2.411e-14,4.0306e-14,3.939e-14,3.2997e-14,3.8204e-14,4.949e-14,2.2767e-14,2.8707e-16,1.7503e-14,2.1659e-14,1.6495e-14,2.8273e-14
2.2145,2.1102,1.7779,1.3769,1.0102,-0.91572,-1.2707,-1.6298,-1.9444,-2.144,-0.021974,0.0072808,0.024823,0.05936,0.48241,0.25176,-0.00538,-0.2718,-0.52648,1.6877,1.3086,0.74326,0.48741,0.92357,1.6729,-0.50172,-0.81171,-1.3308,-1.7259,-1.517,-0.9362,1.0412,0.72669,0.39846,-0.0042504,-0.39421,-0.76059,-1.1207,-0.78331,-0.41085,-0.085786,0.27355,0.67408,0.34588,-0.050909,-0.4244,-0.43735,-0.047748,0.35754,1.2135e-14,-1.4113e-14,-1.5998e-15,1.2106e-14,5.0299e-14,4.6312e-14,4.822e-15,-1.1219e-14,-2.9367e-14,-7.2275e-15,-3.6278e-14,5.2925e-15,5.9827e-14,1.0703e-13,-3.9027e-14,-1.7852e-14,-3.7784e-15,-1.973e-14,-5.353e-14,-3.078e-15,2.1978e-14,1.7934e-14,-3.1181e-15,-1.8918e-14,-1.5846e-14,7.8311e-16,1.8271e-14,1.6122e-14,-1.2973e-14,-1.0841e-14,-1.5948e-14,-1.0977e-13,-4.1584e-14,-3.7688e-15,1.3318e-14,-5.9325e-15,-4.6658e-14,-1.0061e-13,-1.2742e-13,-1.2603e-13,-1.1938e-13,-1.211e-13,-1.2791e-13,-5.0529e-14,-1.8725e-14,-5.1242e-14,-8.01e-14,-6.4647e-14,-8.1831e-14
-1.2943,-1.0568,-0.80731,-0.59833,-0.35865,-0.037898,0.014131,0.054741,0.21654,0.52703,-0.32342,-0.31835,-0.049639,0.12007,-0.29559,-0.058518,0.1885,0.33518,0.40176,-0.50582,-0.403,-0.20992,0.11599,-0.04783,-0.30667,0.048664,0.16616,0.35094,0.50342,0.27222,0.015856,-0.50038,-0.45098,-0.16257,-0.0075596,0.17013,0.49003,0.65185,0.44278,0.17841,-0.052817,-0.17419,-0.32658,-0.3926,-0.014147,0.44035,0.41639,-0.069797,-0.39281,6.9653e-14,1.5751e-13,2.5306e-13,4.834e-13,5.8057e-13,5.0781e-13,2.1666e-13,6.1424e-14,5.1516e-14,4.9081e-14,-6.1774e-14,1.3698e-13,4.115e-13,6.9039e-13,-3.9038e-13,-1.4813e-13,-1.8307e-14,-1.6596e-13,-4.3751e-13,-9.469e-14,1.9982e-13,2.2977e-13,3.8762e-14,-2.0617e-13,-1.7553e-13,4.8172e-14,2.6404e-13,2.1911e-13,-1.4272e-13,-1.5971e-13,-1.8206e-13,-1.0864e-12,-4.2393e-13,-6.6304e-14,6.8092e-14,-5.9535e-14,-5.0585e-13,-1.1623e-12,-1.1585e-12,-1.0619e-12,-1.0203e-12,-1.0371e-12,-1.1031e-12,-3.8677e-13,-2.2642e-13,-4.3551e-13,-7.7787e-13,-6.2121e-13,-7.3527e-13
0.24473,0.0060361,-0.061781,0.018493,0.085335,0.14444,0.13181,0.10691,-0.049514,-0.32364,0.047957,0.058493,0.069468,0.078753,0.12331,0.081897,-0.042327,-0.18085,-0.2367,0.45276,0.27966,0.064652,0.068017,0.21073,0.34907,-0.03325,0.11106,-0.31862,-0.46359,-0.45698,-0.26351,-0.10017,-0.17747,-0.16385,0.0082593,0.15559,0.15432,-0.023663,-0.017358,-0.012758,0.059415,0.066811,-0.021965,-0.023447,-0.0087626,-0.01633,-0.0055659,0.048309,0.0024135,-7.9796e-15,-2.3356e-14,2.8746e-15,1.8762e-14,7.8115e-14,7.1779e-14,1.1046e-14,-9.7329e-15,-4.4827e-14,-3.7699e-14,-5.7258e-14,3.442e-15,8.0795e-14,1.4781e-13,-5.4491e-14,-1.7593e-14,2.0714e-15,-2.5904e-14,-8.224e-14,-1.0077e-14,2.9125e-14,2.7929e-14,2.8252e-15,-2.5253e-14,-2.3371e-14,1.059e-14,3.0297e-14,1.6883e-14,-2.8068e-14,-1.7906e-14,-1.7869e-14,-1.5572e-13,-6.0588e-14,-1.903e-15,2.1275e-14,-1.1382e-14,-7.6443e-14,-1.5477e-13,-1.6014e-13,-1.3888e-13,-1.2157e-13,-1.2874e-13,-1.5347e-13,-6.854e-14,-2.2295e-14,-7.2413e-14,-9.2927e-14,-6.2366e-14,-8.7787e-14
-0.92226,-0.71823,-0.46511,-0.31447,-0.17887,0.067318,0.32836,0.60921,0.94457,1.1772,-0.003456,-0.047116,-0.084213,-0.11361,-0.16631,-0.095258,0.043493,0.19622,0.27024,-0.90641,-0.86329,-0.53336,-0.35515,-0.50742,-0.72388,0.3069,0.46003,0.97094,0.88062,0.762,0.50901,-0.25515,-0.04539,0.046816,-0.003928,-0.042888,0.069395,0.36141,0.2609,0.12081,-0.020952,-0.112,-0.19625,-0.0395,0.029206,0.079808,0.06663,-0.02438,-0.079476,1.4405e-16,1.6691e-14,-1.2284e-14,-3.8333e-14,-1.0578e-13,-9.6052e-14,-2.1901e-14,5.4378e-15,3.9704e-14,2.8982e-14,5.7477e-14,-1.1754e-14,-1.0005e-13,-1.7783e-13,7.1953e-14,2.533e-14,-1.876e-16,3.4011e-14,1.0212e-13,1.167e-14,-3.8995e-14,-3.6869e-14,-2.6971e-15,3.4618e-14,3.1146e-14,-1.113e-14,-4.0832e-14,-2.6923e-14,3.181e-14,2.6261e-14,2.6727e-14,2.0151e-13,7.7899e-14,4.3969e-15,-2.5466e-14,1.4329e-14,9.8225e-14,2.0364e-13,2.1599e-13,1.9456e-13,1.7649e-13,1.8234e-13,2.0541e-13,8.8282e-14,3.4372e-14,9.4905e-14,1.2968e-13,9.1448e-14,1.2282e-13
1.7139,1.5312,1.1571,0.79293,0.45154,-0.59408,-0.97763,-1.4048,-1.8261,-2.0655,-0.049759,-0.007978,0.039857,0.082595,0.32197,0.16962,0.013044,-0.1843,-0.38505,0.87888,0.75763,0.45515,0.22987,0.46939,0.76052,-0.23948,-0.44747,-0.78101,-0.76823,-0.82072,-0.49454,0.80255,0.48752,0.2557,0.016826,-0.27252,-0.56514,-0.96007,-0.62324,-0.27861,0.030574,0.29275,0.55469,0.34459,0.0077787,-0.37347,-0.37142,0.01281,0.34652,-3.7912e-15,7.4328e-15,2.5523e-14,5.5201e-14,9.7388e-14,1.1397e-13,4.7202e-14,1.0348e-14,-1.7321e-14,-2.4272e-14,-3.496e-14,1.9181e-14,7.4692e-14,1.3053e-13,-6.3858e-14,-1.7478e-14,4.4073e-15,-2.7115e-14,-8.5469e-14,-1.8124e-14,2.4545e-14,3.7012e-14,9.0563e-15,-2.7734e-14,-2.2765e-14,1.3418e-14,4.1647e-14,1.8579e-14,-3.1023e-14,-2.298e-14,-1.9388e-14,-1.6374e-13,-6.7667e-14,-6.7946e-15,2.1125e-14,-1.5007e-14,-9.1135e-14,-1.8173e-13,-1.801e-13,-1.5372e-13,-1.3941e-13,-1.4226e-13,-1.6761e-13,-7.7247e-14,-4.8727e-14,-8.7162e-14,-1.1547e-13,-8.2823e-14,-9.9231e-14
-3.9763,-3.4605,-2.6796,-1.8738,-1.0808,1.1385,1.8791,2.6653,3.3823,3.7999,-0.041568,0.0048907,0.043542,0.083724,-0.64372,-0.32901,0.015027,0.29993,0.56718,-2.41,-1.8077,-1.0201,-0.35549,-1.0695,-1.9609,0.37905,0.95881,1.7594,2.3411,2.1201,1.0651,-1.7743,-1.2155,-0.63635,0.019974,0.61637,1.117,1.5853,1.0235,0.43276,-0.099336,-0.63481,-1.2076,-0.85092,-0.024084,0.70155,0.69202,-0.038551,-0.8688,-2.5151e-14,-1.4282e-14,-2.2761e-14,6.702e-15,-6.0549e-14,-5.4498e-14,-3.7956e-14,-3.7566e-14,-1.8145e-14,-2.0541e-14,-1.0022e-14,-2.1302e-14,-2.29e-14,-1.8027e-14,2.5261e-14,1.0894e-14,-3.5975e-15,1.0437e-14,3.6759e-14,-3.6447e-15,-1.9673e-14,-1.2353e-14,-3.9251e-15,8.1767e-15,2.493e-14,-7.5176e-15,-3.5565e-15,-4.6949e-16,-2.6148e-15,2.4494e-14,9.2119e-15,8.7267e-14,3.0254e-14,-1.3457e-14,-1.3104e-14,1.3322e-15,2.7319e-14,6.3622e-14,5.9918e-14,5.1249e-14,3.6348e-14,4.3712e-14,6.686e-14,4.0328e-14,1.7797e-15,3.4238e-14,1.6529e-14,1.2806e-14,2.0699e-14
4.2797,3.7671,2.9392,2.034,1.1117,-1.0211,-1.8759,-2.7131,-3.4141,-3.7541,0.126,0.040083,-0.042255,-0.12036,0.52513,0.26108,-0.090507,-0.29909,-0.40007,2.7678,2.2449,1.361,0.47023,1.1264,2.1168,-0.58555,-1.3894,-2.231,-2.7249,-2.1344,-1.022,1.9374,1.4355,0.71362,-0.050384,-0.66324,-1.2047,-1.4531,-0.98827,-0.40521,0.079708,0.62639,1.3265,0.96363,-0.0010995,-0.74028,-0.7219,0.035165,1.0257,2.9477e-14,5.9886e-16,7.3134e-16,-5.8062e-14,8.2336e-15,7.5471e-15,2.215e-14,3.8443e-14,1.8274e-14,2.9842e-14,2.6673e-14,1.3122e-14,-2.0811e-14,-6.2266e-14,1.3666e-14,1.6144e-15,4.0119e-15,5.9405e-15,9.4525e-15,1.8215e-14,1.1622e-15,-1.3394e-14,-2.7228e-15,1.2415e-14,-9.1098e-15,-1.0291e-15,-2.7856e-14,-2.2427e-14,2.4968e-14,-1.0902e-14,7.2608e-15,2.6848e-14,1.4488e-14,2.3631e-14,6.1616e-15,7.2785e-15,3.0664e-14,6.4261e-14,5.7685e-14,4.8693e-14,5.8569e-14,5.2962e-14,4.1168e-14,-5.2524e-15,2.2107e-14,8.6293e-15,6.5787e-14,4.9816e-14,5.4474e-14
-0.24541,-0.19822,-0.16745,-0.12211,-0.066834,-0.1083,-0.097664,-0.091572,-0.084809,-0.04773,-0.066424,-0.035214,-0.0076914,0.013445,-0.060386,-0.03108,0.013291,0.060766,0.11329,0.022538,0.014495,0.04189,0.13323,0.11456,0.082136,-0.11905,-0.057481,-0.038762,-0.030742,-0.064409,-0.098401,0.55993,-0.044933,-0.05623,-0.0019097,0.05814,0.0749,-0.33444,-0.0010654,0.027417,0.0063062,0.0042213,0.037143,-0.018093,0.0086826,0.059998,0.035591,-0.016217,-0.027177,3.3121e-15,3.5074e-14,4.4696e-14,5.0954e-14,2.7014e-14,2.2044e-14,3.5086e-14,3.1079e-14,2.8753e-14,1.2593e-14,1.539e-14,-7.9976e-15,-2.7587e-14,-3.9826e-14,2.1833e-14,4.6438e-15,-2.0462e-15,8.3941e-15,3.1765e-14,-5.967e-15,1.0054e-15,4.6013e-15,-8.949e-15,-1.5701e-15,8.6697e-15,-1.2477e-14,9.6847e-15,1.9231e-14,-3.7026e-15,3.6662e-15,-5.5744e-15,1.0124e-14,1.7216e-14,-5.4761e-15,-1.1795e-14,3.7837e-15,1.847e-14,-5.0822e-16,-1.8125e-14,-2.7704e-14,-4.0556e-14,-2.8823e-14,-1.1363e-14,1.6316e-14,-1.0082e-14,1.5962e-14,-2.1864e-14,-2.8903e-14,-1.9008e-14
0.26677,0.15974,0.17716,0.21264,0.18575,-0.064603,-0.10919,-0.15056,-0.22356,-0.37632,0.050331,0.03104,0.011847,-0.0044425,0.31268,0.1561,-0.052282,-0.20474,-0.30053,0.12518,0.094108,0.073868,-0.068031,-0.015668,0.027017,0.11943,-0.00906,-0.098627,-0.20784,-0.067752,0.027377,0.22095,0.55508,0.12203,-0.008959,-0.11307,-0.4237,-0.27825,-0.22537,-0.13566,-0.0068497,0.086645,0.14245,0.27952,-0.012206,-0.3115,-0.32237,-0.0247,0.2823,1.2083e-14,-3.5432e-14,-3.4863e-14,-7.0571e-14,-2.0288e-14,-1.0649e-14,-1.0502e-14,-1.0581e-15,-2.874e-14,-6.0329e-15,-1.8206e-14,-1.2901e-15,7.5986e-15,3.6896e-15,3.0822e-15,4.3751e-15,3.1388e-15,2.0319e-16,-1.0931e-14,1.3335e-14,-1.6413e-16,-9.8662e-15,-7.7646e-15,7.4019e-15,1.1758e-15,-5.1303e-16,-1.7451e-14,-2.359e-14,1.0914e-14,1.6204e-16,7.671e-15,3.5135e-14,1.4563e-14,1.6873e-14,1.2529e-14,-8.966e-16,1.3785e-14,5.597e-14,4.3695e-14,4.5571e-14,5.5383e-14,5.6208e-14,3.8877e-14,-8.3032e-15,2.384e-14,-2.0613e-15,5.0293e-14,4.6086e-14,4.6745e-14
1.12,0.94962,0.69451,0.50751,0.42791,-0.23711,-0.44153,-0.68851,-0.95492,-1.1346,0.075091,0.065975,0.064875,0.054647,-0.095822,-0.050382,0.037608,-0.015318,-0.13667,0.55213,0.38793,0.30251,0.23553,0.35862,0.48397,-0.26321,-0.33458,-0.38533,-0.52053,-0.45943,-0.35762,0.097339,0.035759,0.31011,-0.0053039,-0.30481,-0.26853,-0.48773,-0.41387,-0.28104,-0.13283,-0.018994,0.096656,-0.17441,-0.077771,-0.063669,-0.001847,-0.0021263,-0.10303,-3.9422e-15,3.0611e-14,3.1061e-14,7.5258e-14,3.7314e-14,3.1763e-14,1.7176e-14,-6.3159e-16,2.0269e-14,5.7563e-15,4.8685e-15,5.1778e-15,1.4857e-14,3.2059e-14,-2.1301e-14,-5.0206e-15,-2.7469e-15,-6.8458e-15,-1.4738e-14,-1.0904e-14,1.226e-14,2.0801e-14,-2.7711e-15,-2.0465e-14,-2.1434e-15,-2.1344e-15,3.1367e-14,2.8939e-14,-1.3548e-14,-6.8889e-15,-1.869e-14,-5.1658e-14,-2.4215e-14,-1.6653e-14,-3.7895e-15,-4.558e-15,-3.4313e-14,-8.1487e-14,-8.0453e-14,-7.648e-14,-8.4917e-14,-8.0649e-14,-6.4851e-14,-1.3119e-14,-2.65e-14,-2.4034e-14,-6.6269e-14,-5.2548e-14,-5.6881e-14
-0.95835,-0.816,-0.68976,-0.64367,-0.64101,-0.38068,-0.36475,-0.35245,-0.18824,0.071258,-0.49303,-0.46187,-0.1645,0.048543,-0.17097,0.039573,0.17159,0.37916,0.6515,0.036668,-0.012424,-0.083598,0.13058,0.085434,0.05982,-0.10944,-0.03758,-0.075069,0.1256,-0.018128,-0.10187,-0.16554,-0.13151,-0.040866,0.056004,-0.015139,0.22317,0.54464,0.43891,0.29994,0.14738,0.069476,-0.024129,-0.014366,0.064805,0.21596,0.092852,-0.066216,-0.082535,6.5319e-14,1.2269e-13,2.1522e-13,4.1749e-13,5.5279e-13,4.9842e-13,2.0163e-13,6.3366e-14,2.1502e-14,3.2244e-14,-8.1777e-14,1.383e-13,4.2624e-13,7.1216e-13,-3.905e-13,-1.4424e-13,-1.7524e-14,-1.7104e-13,-4.5793e-13,-8.8241e-14,1.9278e-13,2.2223e-13,4.1566e-14,-1.9804e-13,-1.7575e-13,5.3197e-14,2.5333e-13,1.9907e-13,-1.4079e-13,-1.6088e-13,-1.7205e-13,-1.0742e-12,-4.17e-13,-5.3937e-14,7.7295e-14,-6.3939e-14,-5.1089e-13,-1.1528e-12,-1.1405e-12,-1.0365e-12,-9.8377e-13,-1.0061e-12,-1.0839e-12,-3.9435e-13,-2.2513e-13,-4.4557e-13,-7.5114e-13,-5.8834e-13,-7.065e-13
-0.22641,-0.11375,-0.0025696,0.06886,0.10032,0.14305,0.11106,0.16727,0.23762,0.26671,0.1209,0.11539,0.10832,0.10472,-0.012279,-0.0026362,-0.035477,-0.14428,-0.25465,0.0037181,0.0892,0.10433,0.0024499,-0.046201,-0.034415,-0.0066052,-0.071279,-0.066791,-0.041726,0.013524,0.053791,-0.25421,-0.1363,-0.25933,-0.024359,0.28369,-0.053447,-0.055016,-0.039196,-0.10086,-0.17229,-0.24829,-0.28024,-0.09756,-0.10094,-0.11198,-0.044424,-0.039228,-0.069702,-8.8039e-15,-1.0976e-14,-9.4726e-15,1.3662e-15,1.1656e-14,2.445e-14,6.41e-16,-5.3769e-15,-5.6834e-15,-7.9189e-18,-8.8486e-15,6.198e-15,2.2687e-14,3.9482e-14,-1.8889e-14,-5.2359e-15,-1.4593e-15,-8.9686e-15,-2.4563e-14,-3.2845e-15,4.3144e-15,8.475e-15,-1.3561e-15,-5.3696e-15,-3.8268e-15,-7.6666e-16,1.079e-14,5.7514e-15,-6.5902e-15,-2.2467e-15,-4.0022e-15,-3.2623e-14,-1.3633e-14,-2.9243e-15,5.3392e-15,-4.7038e-15,-2.1013e-14,-3.9945e-14,-4.3502e-14,-3.1953e-14,-2.8098e-14,-3.0638e-14,-3.8843e-14,-2.2074e-14,-7.3435e-15,-2.7194e-14,-2.5592e-14,-1.3671e-14,-2.0314e-14
-1.3945,-1.2043,-0.9779,-0.75262,-0.51052,0.57994,0.73914,0.85838,1.0084,1.2117,0.018248,0.005397,-0.0061251,-0.027842,-0.43268,-0.24591,0.0042242,0.24113,0.44356,-0.95927,-0.77547,-0.58559,-0.31086,-0.49118,-0.70367,0.357,0.60079,0.75892,0.92481,0.68812,0.4964,-0.68289,-0.64414,-0.20954,0.0061068,0.20344,0.74042,0.58839,0.39474,0.2383,0.024064,-0.24453,-0.47208,-0.38441,0.0097372,0.33351,0.34921,0.010021,-0.38132,-4.8789e-16,-4.5259e-15,-3.5827e-15,-9.4482e-15,-3.1169e-15,-1.9548e-15,1.5115e-16,3.3143e-15,-2.4534e-15,-4.8085e-15,-3.2882e-15,-1.303e-15,-7.4786e-16,-1.4509e-15,2.9686e-15,1.819e-15,1.5735e-15,6.1787e-16,-1.1336e-15,7.7141e-16,-1.6633e-15,-2.2216e-15,3.9077e-15,2.8975e-15,-2.2976e-15,3.7155e-15,-4.4773e-15,-5.1984e-15,2.883e-16,-9.7879e-16,3.0995e-15,7.175e-15,3.0717e-15,2.8387e-15,1.8011e-15,-8.5422e-16,9.981e-17,6.1501e-15,1.153e-14,1.5781e-14,1.9629e-14,1.8665e-14,1.4133e-14,4.1955e-15,6.1824e-15,3.0887e-15,1.0624e-14,1.2507e-14,1.2189e-14
0.46976,0.39579,0.30869,0.22409,0.146,-0.27423,-0.37202,-0.4678,-0.55865,-0.66301,-0.031649,-0.012343,0.0072838,0.022446,0.17217,0.10388,-0.0064291,-0.10449,-0.15087,0.44997,0.36362,0.28283,0.16941,0.24676,0.35073,-0.15791,-0.29164,-0.38199,-0.46107,-0.33282,-0.23789,-0.044065,0.20697,0.11504,-0.0048521,-0.11019,-0.1699,0.24642,-0.15352,-0.10872,-0.0081889,0.11911,0.18254,0.11594,0.0073103,-0.087601,-0.11959,-0.024907,0.10433,1.094e-14,2.7631e-14,4.0849e-14,4.978e-14,2.5918e-14,1.0689e-14,3.7839e-14,4.2573e-14,3.5741e-14,1.7888e-14,2.2533e-14,-9.9323e-15,-3.9509e-14,-6.5136e-14,3.2615e-14,8.5198e-15,-4.6932e-15,1.3056e-14,4.5905e-14,-5.3994e-15,1.001e-16,2.1575e-15,-2.2372e-14,-7.9849e-16,2.4433e-14,-1.1477e-14,1.4663e-14,1.6587e-14,-6.285e-15,1.7549e-15,-7.3096e-15,4.3318e-14,4.029e-14,7.5417e-17,-1.4301e-14,3.9365e-15,3.2433e-14,2.0984e-14,-1.2642e-14,-2.9102e-14,-5.1246e-14,-2.955e-14,7.0147e-15,2.5662e-14,-1.0437e-14,2.2128e-14,-1.8209e-14,-3.3096e-14,-1.3902e-14
1.0718,1.0258,0.9138,0.8217,0.72592,-0.31394,-0.31403,-0.31809,-0.36761,-0.39848,0.12737,0.059181,-0.011554,-0.069764,0.099812,0.033631,-0.034687,-0.071082,-0.13291,0.38725,0.20915,0.046727,0.011667,0.19575,0.27119,-0.10202,-0.060877,-0.17073,-0.30576,-0.26387,-0.21849,0.51508,0.214,0.064508,-0.0085458,-0.055962,-0.21777,-0.50684,0.015577,-0.15572,-0.0036605,0.14744,0.13949,0.1445,-0.018143,-0.14034,-0.18369,0.014055,0.1859,1.0598e-14,-1.0098e-14,1.3261e-15,7.4913e-15,5.4011e-14,4.8309e-14,1.1743e-14,-3.5145e-15,-1.6579e-14,-1.4214e-15,-1.3752e-14,2.0677e-14,5.9148e-14,9.347e-14,-5.1795e-14,-2.1213e-14,-1.5571e-15,-2.2868e-14,-6.5178e-14,-6.4617e-15,2.5765e-14,2.3307e-14,6.3154e-15,-2.014e-14,-2.7484e-14,9.0144e-15,2.1909e-14,1.519e-14,-1.2389e-14,-2.3084e-14,-1.7756e-14,-1.4391e-13,-5.5885e-14,1.425e-15,1.4731e-14,-6.3149e-15,-6.0466e-14,-1.3419e-13,-1.3154e-13,-1.1829e-13,-1.0605e-13,-1.1192e-13,-1.3423e-13,-5.5504e-14,-1.8985e-14,-5.6472e-14,-7.6553e-14,-6.206e-14,-7.8019e-14
-1.6,-1.5586,-1.4246,-1.2836,-1.1059,0.25556,0.37265,0.45953,0.54603,0.57445,-0.34894,-0.19119,-0.017519,0.14892,-0.21181,-0.054874,0.12492,0.24043,0.31006,-0.84882,-0.59026,-0.35543,-0.28646,-0.51717,-0.64404,0.32842,0.36769,0.58116,0.78503,0.64791,0.53198,-0.9158,-0.58827,-0.27027,0.020048,0.25022,0.5845,0.97377,0.88087,0.88658,0.13045,-0.49999,-0.68555,-0.31751,0.078148,0.39986,0.51973,0.068303,-0.39271,-7.0646e-16,4.8518e-14,4.8728e-14,5.038e-14,-1.9134e-14,-5.3996e-14,5.8604e-15,9.645e-15,2.3462e-14,2.3886e-15,2.8754e-14,-2.3391e-14,-8.9957e-14,-1.4425e-13,7.2852e-14,2.1564e-14,4.0729e-15,3.3886e-14,9.9261e-14,3.7674e-15,-3.2938e-14,-3.3143e-14,-9.6703e-15,2.8948e-14,4.181e-14,-1.249e-14,-3.2573e-14,-2.2031e-14,1.5503e-14,3.3101e-14,2.5232e-14,1.6145e-13,6.2113e-14,-1.7642e-16,-2.1263e-14,1.1113e-14,7.9433e-14,1.7179e-13,1.5704e-13,1.364e-13,1.1881e-13,1.2129e-13,1.4515e-13,7.527e-14,2.9054e-14,8.2322e-14,9.3729e-14,6.5754e-14,8.8328e-14
0.014497,0.071394,0.17315,0.24782,0.29836,0.66704,0.74034,0.83699,0.97789,1.1146,0.45907,0.23926,-0.0015229,-0.25518,-0.051836,-0.09748,-0.13342,-0.11561,-0.043281,-0.043696,-0.046356,-0.028452,0.060701,0.0078094,-0.04268,-0.077296,0.026873,0.043242,0.10413,0.025492,-0.029772,-0.061398,-0.011259,-0.011483,-0.016161,0.027645,0.12167,0.23786,0.1383,0.047207,0.11651,-0.072924,-0.10109,-0.078222,-0.017821,0.14663,0.16493,0.0065131,-0.076025,1.5308e-14,-2.282e-14,-4.0976e-15,-2.6516e-15,7.3107e-14,6.7909e-14,1.3396e-14,-1.5242e-15,-2.56e-14,-3.9054e-15,-2.9896e-14,2.443e-14,8.5735e-14,1.3772e-13,-6.8195e-14,-2.783e-14,-5.9011e-16,-3.2743e-14,-9.3404e-14,-7.6162e-15,3.3082e-14,2.8042e-14,1.354e-14,-2.3728e-14,-4.0697e-14,1.7107e-14,2.4957e-14,1.4622e-14,-1.9222e-14,-3.1521e-14,-1.9429e-14,-1.9255e-13,-7.3449e-14,3.9299e-15,2.5528e-14,-1.1279e-14,-8.3192e-14,-1.7571e-13,-1.6935e-13,-1.4516e-13,-1.2081e-13,-1.3324e-13,-1.7044e-13,-7.5784e-14,-1.8404e-14,-7.6593e-14,-9.5981e-14,-6.9947e-14,-9.5732e-14
0.42009,0.42081,0.35895,0.32737,0.27719,-1.0392,-1.1336,-1.2227,-1.3683,-1.4854,-0.39352,-0.24099,-0.063976,0.13317,0.1277,0.15488,0.11441,0.081709,0.086612,0.19033,0.050178,-0.070674,-0.1552,-0.0017608,0.11735,0.19866,0.081465,-0.078366,-0.2341,-0.11083,0.012958,0.82611,0.44888,0.17223,0.0024796,-0.1747,-0.41242,-0.69445,-0.59897,-0.4626,0.14097,0.88557,0.84684,0.47694,0.052969,-0.35561,-0.44586,0.058833,0.59577,-3.5342e-14,-9.7204e-15,-4.6973e-14,-4.8594e-14,-1.2455e-13,-1.0439e-13,-5.8939e-14,-2.8228e-14,1.6346e-14,-1.0111e-14,1.8422e-14,-2.2247e-14,-7.0419e-14,-1.1066e-13,5.9276e-14,2.5495e-14,1.6664e-15,2.6271e-14,7.605e-14,6.6833e-15,-5.0196e-14,-4.231e-14,8.2992e-15,3.6787e-14,3.7199e-14,4.2803e-15,-3.8863e-14,-3.5847e-14,1.5122e-14,3.3424e-14,3.5505e-14,1.8971e-13,6.5624e-14,-3.874e-15,-2.1051e-14,6.4132e-15,7.0039e-14,1.6875e-13,2.0398e-13,1.8803e-13,1.7388e-13,1.7386e-13,2.0187e-13,7.7586e-14,1.5638e-14,7.4211e-14,1.1285e-13,9.5233e-14,1.1276e-13
-0.018402,0.00093729,-0.0086271,-0.084992,-0.15918,0.61824,0.64052,0.68691,0.79331,0.88785,0.20094,0.12385,0.037191,-0.053324,-0.052963,-0.058729,-0.035325,-0.050508,-0.11113,0.20228,0.28061,0.26072,0.24119,0.20589,0.19523,-0.34188,-0.27874,-0.22482,-0.11907,-0.18183,-0.23959,-0.38431,-0.058651,0.037573,0.0016319,-0.039205,0.024885,0.32846,0.024391,0.078343,-0.049181,-0.16924,0.060991,-0.1515,-0.0073907,0.094747,0.14925,-0.0049816,-0.22845,1.5043e-14,-8.5385e-15,1.1741e-15,5.3068e-15,5.524e-14,4.635e-14,9.4095e-15,-4.4491e-15,-1.7509e-14,2.7549e-15,-1.3976e-14,2.1337e-14,6.0722e-14,9.4959e-14,-5.2525e-14,-2.1675e-14,-2.2426e-15,-2.3531e-14,-6.5493e-14,-5.1603e-15,2.8385e-14,2.4635e-14,5.4379e-15,-2.1614e-14,-2.9406e-14,7.7719e-15,2.2361e-14,1.6961e-14,-1.1393e-14,-2.4137e-14,-1.9409e-14,-1.4623e-13,-5.6303e-14,1.269e-15,1.5692e-14,-6.2417e-15,-5.9734e-14,-1.3302e-13,-1.3528e-13,-1.2328e-13,-1.0994e-13,-1.1896e-13,-1.3751e-13,-5.8114e-14,-1.8129e-14,-5.8012e-14,-7.7578e-14,-6.3226e-14,-7.9689e-14
0.49796,0.6267,0.64126,0.58554,0.46533,-0.13986,-0.18384,-0.20024,-0.16567,-0.057457,0.066438,0.022693,-0.020835,-0.058002,-0.012751,-0.03282,-0.049298,0.0017154,0.082861,0.44518,0.42199,0.29061,0.38305,0.38975,0.40392,-0.32187,-0.3055,-0.4421,-0.4091,-0.44709,-0.40885,0.14489,0.20067,0.12328,-0.012906,-0.11038,-0.18301,-0.06007,-0.0070402,0.04732,-0.0057146,-0.018312,0.079055,0.25554,-0.02329,-0.067367,0.16077,0.0035075,-0.12913,2.8076e-15,-1.783e-14,-2.5999e-14,-5.0532e-14,-4.2936e-14,-3.8849e-14,-1.9447e-14,-5.5486e-15,-1.1095e-14,-7.2178e-17,7.1329e-15,-6.3654e-15,-2.7359e-14,-5.0874e-14,2.5663e-14,7.343e-15,9.5742e-18,1.0779e-14,3.1192e-14,1.0756e-14,-1.3476e-14,-1.9336e-14,-4.2332e-15,1.6946e-14,1.1249e-14,-4.4836e-15,-2.5692e-14,-2.0262e-14,1.5194e-14,1.1473e-14,1.4873e-14,7.0771e-14,2.9029e-14,8.3385e-15,-4.5534e-15,7.3032e-15,4.4519e-14,9.2918e-14,8.1906e-14,6.638e-14,6.4669e-14,6.2435e-14,6.6517e-14,1.978e-14,1.7091e-14,3.0123e-14,6.1036e-14,4.1768e-14,5.0529e-14
1.1344,0.80679,0.54939,0.30009,0.11451,-0.8541,-1.2906,-1.721,-2.0727,-2.1603,-0.44185,-0.3663,-0.024115,0.19439,0.29238,0.32889,0.27298,0.017329,-0.27369,1.5017,1.3153,1.1498,1.006,1.1907,1.3383,-1.0388,-1.1017,-1.2844,-1.5552,-1.3434,-1.1782,0.66334,0.24677,0.117,0.0061039,-0.12311,-0.11897,-0.30764,-0.14937,-0.045887,0.092064,0.33825,0.52038,0.17641,0.15686,-0.11821,-0.091357,-0.013709,0.27726,7.2988e-14,1.5582e-13,2.6209e-13,4.6994e-13,6.2375e-13,5.5888e-13,2.4285e-13,9.2238e-14,4.859e-14,4.4354e-14,-7.6088e-14,1.499e-13,4.4638e-13,7.4014e-13,-4.1368e-13,-1.5255e-13,-1.5487e-14,-1.8047e-13,-4.8681e-13,-9.5235e-14,2.1357e-13,2.4351e-13,4.14e-14,-2.1625e-13,-1.9269e-13,5.5307e-14,2.7768e-13,2.2039e-13,-1.5025e-13,-1.7993e-13,-1.9084e-13,-1.1499e-12,-4.4595e-13,-5.462e-14,8.2901e-14,-6.7799e-14,-5.4842e-13,-1.2403e-12,-1.2206e-12,-1.1034e-12,-1.0455e-12,-1.0654e-12,-1.1492e-12,-4.1981e-13,-2.3875e-13,-4.7663e-13,-8.0429e-13,-6.2605e-13,-7.5153e-13
-0.28781,-0.28036,-0.28414,-0.23594,-0.16972,0.57636,0.73251,0.8346,0.90788,0.91616,0.11402,0.03698,-0.030408,-0.075036,-0.14773,-0.11324,-0.069729,0.073395,0.21175,-0.85915,-0.82438,-0.72279,-0.71881,-0.80552,-0.83517,0.76363,0.70044,0.79503,0.913,0.80498,0.78875,-0.1934,-0.17816,-0.10648,-0.015352,0.12183,0.21275,0.25875,0.079377,-0.032076,-0.030648,0.014443,-0.026488,-0.13709,-0.033751,0.30826,-0.053946,-0.0026644,0.10186,-8.1248e-15,-7.2657e-15,-1.403e-14,-1.0832e-14,-4.4455e-14,-4.2736e-14,-2.1456e-14,-1.5786e-14,-3.7973e-15,-2.5434e-15,9.2895e-15,-8.4368e-15,-2.8641e-14,-4.4121e-14,2.1895e-14,8.7324e-15,-1.2864e-15,1.1201e-14,3.3351e-14,2.1942e-15,-1.4918e-14,-1.1344e-14,-1.433e-15,1.0586e-14,1.4419e-14,-4.32e-15,-1.1629e-14,-7.7433e-15,6.5456e-15,1.4002e-14,1.0169e-14,6.5994e-14,2.353e-14,-3.8605e-15,-9.1967e-15,4.0796e-15,3.0924e-14,6.549e-14,6.4338e-14,5.3249e-14,4.4757e-14,4.498e-14,5.8027e-14,2.685e-14,7.3068e-15,2.9741e-14,3.4995e-14,2.2464e-14,3.2048e-14
0.57295,0.50595,0.46227,0.35853,0.21291,-0.52246,-0.70946,-0.82556,-0.91385,-0.92726,-0.083191,-0.026511,0.019734,0.048824,0.19897,0.128,0.063886,-0.096508,-0.2532,1.0578,1.007,0.9065,0.89282,0.95775,0.99998,-0.90126,-0.89009,-0.99125,-1.1093,-0.98892,-0.94108,0.24255,0.20212,0.12417,0.0088901,-0.13306,-0.23367,-0.306,-0.1336,-0.023337,-0.011116,-0.02013,0.036672,-0.0055906,0.011642,-0.054438,0.30206,-0.042357,-0.26902,-4.0759e-15,-4.1592e-14,-7.4864e-14,-9.9601e-14,-5.3759e-14,-1.0857e-14,-4.9916e-14,-4.4053e-14,-3.5989e-14,-1.4687e-14,-3.8611e-14,5.9426e-15,5.3283e-14,8.7882e-14,-3.6959e-14,-3.2364e-15,5.5246e-15,-1.6363e-14,-6.1828e-14,1.6696e-14,2.2189e-15,-3.6904e-15,1.9104e-14,-3.9586e-15,-2.8937e-14,8.5604e-15,-1.7111e-14,-1.8477e-14,1.4092e-14,-4.6715e-15,4.9105e-15,-3.1162e-14,-3.5985e-14,3.0717e-15,1.935e-14,-5.8359e-15,-3.5134e-14,-1.6319e-14,2.5392e-14,4.0303e-14,6.5817e-14,5.0952e-14,1.4602e-14,-3.2067e-14,1.1662e-14,-2.9533e-14,2.8961e-14,4.9641e-14,2.8392e-14
0.91504,0.90032,0.73644,0.60416,0.45593,-0.011078,-0.11694,-0.24855,-0.37906,-0.49014,0.12414,0.076703,0.02378,-0.0037969,0.073968,-0.031056,-0.11837,-0.089806,-0.055563,0.4086,0.30047,0.18133,0.13054,0.22621,0.31283,-0.086932,-0.2059,-0.32743,-0.38762,-0.32738,-0.22472,0.2374,0.16769,0.10369,-0.017513,-0.086177,-0.25327,-0.463,-0.34853,-0.23723,-0.15417,-0.055715,0.10332,-0.025235,-0.097128,-0.10065,-0.11574,0.082048,-0.035028,-1.0351e-14,9.0616e-16,-1.2309e-14,-9.4714e-15,-5.8985e-14,-5.7428e-14,-2.4788e-14,-1.6899e-14,1.4691e-15,3.0003e-15,1.7563e-14,-1.3309e-14,-4.6751e-14,-7.4247e-14,3.7197e-14,1.3638e-14,-2.8231e-15,1.7674e-14,5.466e-14,4.6966e-15,-2.0599e-14,-1.7664e-14,-7.0774e-15,1.5367e-14,2.3676e-14,-1.0351e-14,-1.6862e-14,-9.4725e-15,1.1646e-14,2.1602e-14,1.3535e-14,1.0774e-13,4.1026e-14,-4.4908e-15,-1.5548e-14,7.3704e-15,5.2116e-14,1.0545e-13,9.5926e-14,7.5658e-14,6.0283e-14,6.4363e-14,8.9524e-14,4.2734e-14,9.3145e-15,4.4641e-14,5.3753e-14,3.2998e-14,4.851e-14
-1.5233,-1.5074,-1.3361,-1.1165,-0.82896,0.42802,0.67329,0.8833,1.0483,1.1083,-0.079293,-0.04099,0.0025326,0.040855,-0.23825,-0.10035,0.041724,0.14806,0.22571,-1.5221,-1.3368,-1.0548,-1.0161,-1.1998,-1.355,1.0137,1.063,1.3395,1.4774,1.3722,1.2188,-0.71828,-0.5212,-0.28286,0.007462,0.27539,0.51044,0.6254,0.34905,0.12589,-0.00045211,-0.15984,-0.43797,-0.1153,0.016979,0.069505,-0.18074,-0.026463,0.2628,-6.708e-16,1.0611e-14,1.7502e-14,2.908e-14,2.9331e-14,2.8133e-14,1.5465e-14,8.2326e-15,7.0785e-15,-3.2141e-15,-7.5082e-15,2.04e-15,1.5056e-14,2.8717e-14,-1.2595e-14,-2.8283e-15,1.4475e-15,-5.5474e-15,-1.8073e-14,-5.4007e-15,8.1439e-15,1.0502e-14,1.8612e-15,-9.8233e-15,-5.9558e-15,2.699e-15,1.4112e-14,1.0823e-14,-8.5269e-15,-6.896e-15,-8.4065e-15,-3.654e-14,-1.4839e-14,-3.3741e-15,3.4408e-15,-4.4732e-15,-2.5759e-14,-5.0946e-14,-4.3717e-14,-3.2815e-14,-3.0241e-14,-2.8694e-14,-3.303e-14,-1.1193e-14,-7.8377e-15,-1.7037e-14,-3.2356e-14,-1.8398e-14,-2.4442e-14
1.6014e-13,1.2792e-13,9.8318e-14,7.2803e-14,4.2891e-14,-2.7423e-14,-6.1063e-14,-9.2114e-14,-1.1726e-13,-1.6598e-13,4.9998e-15,4.0382e-15,3.2478e-15,3.0104e-15,2.1931e-14,1.2532e-14,-4.2285e-15,-1.8556e-14,-2.7434e-14,1.0032e-13,7.4996e-14,4.8023e-14,2.2766e-14,4.5931e-14,7.8058e-14,-1.9913e-14,-4.4327e-14,-7.6475e-14,-9.2069e-14,-8.2565e-14,-4.9038e-14,7.0707e-14,3.7528e-14,1.5275e-14,1.7301e-16,-1.5525e-14,-3.6615e-14,-7.1868e-14,-4.1772e-14,-1.9686e-14,2.3345e-15,2.4179e-14,4.2177e-14,3.1164e-14,-5.7452e-16,-3.043e-14,-3.4929e-14,5.3823e-17,3.5903e-14,0.43891,0.086457,0.069828,0.080878,0.088435,0.008965,0.019352,0.03741,0.07798,0.27163,0.10907,0.026615,-0.069215,-0.15095,0.023995,-0.017605,-0.030001,0.015813,0.092283,0.020873,0.031454,0.021152,-0.042956,-0.018411,-0.012111,-0.042113,0.005253,0.03854,0.024068,-0.009228,-0.01652,0.034464,0.010208,-0.020315,-0.013126,0.033441,0.10394,0.15028,0.064744,-0.0089871,-0.020697,-0.043625,-0.010043,0.0043171,0.0078325,0.068457,0.041012,0.0054227,-0.008266
5.4097e-14,5.1185e-14,4.2814e-14,3.129e-14,2.2353e-14,-4.1602e-14,-4.7667e-14,-5.6722e-14,-6.2818e-14,-5.9509e-14,-8.4639e-15,-6.2397e-15,-1.3955e-15,2.9422e-15,1.0162e-14,7.2361e-15,6.2349e-15,1.7484e-16,-9.9715e-15,4.8352e-14,4.5796e-14,3.13e-14,2.2427e-14,3.014e-14,4.9755e-14,-2.5531e-14,-3.015e-14,-4.3093e-14,-5.6365e-14,-4.2876e-14,-3.2858e-14,2.3608e-14,3.3717e-14,2.4008e-14,6.2478e-16,-2.415e-14,-4.0976e-14,-3.6545e-14,-3.2419e-14,-1.6583e-14,-3.7875e-15,4.7051e-15,2.0801e-14,3.469e-15,-1.6947e-16,-9.8204e-15,-6.211e-15,-6.3312e-16,-7.0254e-16,-0.0049157,0.25508,-0.14839,-0.18874,-0.22208,-0.2574,-0.27593,-0.29894,-0.1214,-0.25064,-0.16702,-0.02434,0.1422,0.27826,-0.083335,0.023423,0.059656,-0.035571,-0.19328,0.00083755,-0.044985,-0.035029,0.074143,-6.6074e-05,0.0050984,0.09334,-0.0041679,-0.07772,-0.046983,0.0057672,0.029764,-0.14857,-0.069906,0.027223,0.010109,-0.037332,-0.16105,-0.24567,-0.072102,0.083448,0.085981,0.084519,-0.043595,-0.05678,-0.04671,-0.127,0.014661,0.048944,0.039817
-2.2033e-13,-1.6624e-13,-1.1367e-13,-7.5525e-14,-3.6613e-14,-7.9274e-14,-4.0321e-14,3.3024e-15,5.4337e-14,1.1954e-13,-3.6288e-14,-1.3095e-14,3.5671e-15,2.271e-14,-6.3632e-14,-3.2449e-14,1.3405e-14,4.7039e-14,5.9029e-14,-3.4842e-14,-1.0755e-14,-7.0837e-15,1.2325e-14,2.1563e-15,-2.4762e-14,-1.6896e-14,-8.6039e-17,8.3634e-15,3.4493e-14,2.1807e-14,4.1479e-15,-1.038e-13,-3.3461e-14,-6.0191e-15,2.8055e-15,3.2253e-15,1.1343e-14,4.9995e-14,4.2973e-14,3.6216e-14,-5.9293e-15,-5.4742e-14,-7.9109e-14,-5.695e-14,-1.8857e-15,4.295e-14,6.2555e-14,2.0659e-15,-6.367e-14,0.17936,0.55637,1.0146,0.56232,0.53514,0.50456,0.47345,0.64042,0.37935,0.25778,-0.010719,-0.00087939,-0.010293,0.0061682,-0.010459,-0.044445,-0.032742,0.016977,0.086393,-0.048605,0.15571,0.12875,-0.10282,-0.051656,-0.081376,-0.1295,0.094118,0.17879,0.0045299,-0.057024,-0.090917,-0.15766,-0.06709,-0.030027,-0.002484,0.032511,0.041362,-0.073359,-0.29845,-0.45635,-0.42824,-0.44091,-0.31335,-0.10775,-0.038485,-0.021313,-0.21497,-0.22366,-0.25005
2.3059e-13,1.4489e-13,8.1817e-14,3.5542e-14,4.4021e-15,2.3982e-13,2.106e-13,1.6368e-13,8.5263e-14,-5.3435e-15,8.5377e-14,3.7798e-14,-5.918e-15,-5.3285e-14,9.2894e-14,3.8145e-14,-3.6708e-14,-7.9573e-14,-8.0871e-14,-6.0234e-14,-8.626e-14,-5.6726e-14,-6.7878e-14,-6.6822e-14,-7.267e-14,6.9059e-14,6.5495e-14,9.0165e-14,6.5729e-14,6.1855e-14,5.8982e-14,1.1968e-13,-2.8574e-14,-4.6319e-14,-6.2861e-15,5.3385e-14,8.098e-14,6.5583e-15,1.0074e-14,-1.5741e-14,1.633e-14,7.0037e-14,8.1041e-14,8.4113e-14,5.7918e-15,-4.5138e-14,-8.1798e-14,-2.916e-15,9.6943e-14,0.0091305,-0.36977,-0.50476,-0.13832,-0.59957,-0.50317,-0.2169,-0.33406,-0.23363,-0.11256,0.11503,-0.0049493,-0.11729,-0.2521,0.1315,0.058401,-0.0030638,0.010923,0.061552,0.078535,-0.1719,-0.18094,0.060558,0.085322,0.12842,0.1102,-0.1295,-0.20853,0.027351,0.083915,0.11656,0.52151,0.22749,0.047271,-0.0088115,-0.03846,0.074338,0.40389,0.51931,0.56828,0.52528,0.58016,0.56574,0.24293,0.090134,0.14187,0.28636,0.26554,0.36689
5.7619e-14,8.9524e-14,8.8307e-14,7.7344e-14,5.1914e-14,-1.9282e-13,-2.1532e-13,-2.284e-13,-2.1411e-13,-1.9093e-13,-5.0476e-14,-2.4055e-14,3.8253e-15,3.3649e-14,-1.9683e-14,-1.9814e-15,2.0877e-14,2.6297e-14,1.3759e-14,1.6996e-13,1.5973e-13,1.0279e-13,8.137e-14,1.0594e-13,1.5517e-13,-7.9097e-14,-1.0953e-13,-1.6109e-13,-1.6821e-13,-1.4619e-13,-1.0288e-13,1.091e-14,7.6953e-14,5.8988e-14,3.3703e-15,-6.3141e-14,-1.0695e-13,-8.1314e-14,-6.802e-14,-2.4067e-14,-9.3484e-15,-7.2864e-15,1.4958e-14,-7.815e-15,-4.4209e-15,-1.4334e-14,5.4225e-15,6.273e-16,-1.4638e-14,-0.032077,0.13206,0.25635,0.35967,0.83977,0.35997,0.112,0.05521,0.0054214,-0.046496,-0.021457,0.021482,0.062803,0.11679,-0.091782,-0.037838,0.0010865,-0.0079051,-0.043182,-0.048341,0.069235,0.092081,-0.0041778,-0.039057,-0.06974,-0.051498,0.037562,0.081881,0.0062222,-0.021254,-0.052914,-0.31957,-0.14846,-0.043491,0.012499,0.030991,-0.030767,-0.20489,-0.23894,-0.23682,-0.22194,-0.25534,-0.27835,-0.11381,-0.011183,-0.049814,-0.14895,-0.1377,-0.21144
4.1068e-14,2.81e-14,1.7388e-14,8.7884e-15,1.7933e-15,3.1764e-14,2.9381e-14,2.4208e-14,1.6491e-14,5.445e-15,1.1909e-14,3.3181e-15,-3.3445e-15,-1.0831e-14,1.5036e-14,8.0849e-15,-3.0584e-15,-1.1285e-14,-1.2496e-14,-2.14e-14,-2.1812e-14,-1.554e-14,-1.5063e-14,-1.4291e-14,-1.9696e-14,1.4472e-14,1.5521e-14,2.0868e-14,1.8938e-14,1.6964e-14,1.5512e-14,1.9491e-14,4.1909e-15,4.9478e-16,-1.1714e-15,1.0052e-15,4.0724e-15,4.3007e-16,-3.7337e-15,-6.6088e-15,1.4758e-15,1.1771e-14,1.691e-14,1.1939e-14,1.6316e-15,-6.5847e-15,-1.1668e-14,-1.2706e-15,1.1212e-14,-0.12182,-0.11747,-0.09255,-0.010517,0.30139,0.80563,0.22715,0.10117,0.014898,-0.043403,-0.039408,0.015603,0.058788,0.11112,-0.039143,0.0040573,0.023763,-0.029529,-0.10525,0.031128,0.033545,0.018437,-0.0037284,-0.052881,-0.026501,0.046507,0.071793,0.019793,-0.034146,-0.067775,-0.036171,-0.04666,0.010783,0.037073,-0.0033085,-0.033765,-0.09854,-0.17941,-0.06154,0.0088137,0.043548,0.026204,-0.024808,-0.048373,-0.050787,-0.096344,0.012015,0.075262,0.064721
-1.8828e-13,-1.7392e-13,-1.3827e-13,-9.8868e-14,-5.7491e-14,1.0636e-13,1.2888e-13,1.5415e-13,1.6837e-13,1.7584e-13,1.666e-14,1.6171e-14,8.718e-15,1.4925e-15,-2.4859e-14,-1.9539e-14,-1.3115e-14,9.1794e-16,1.6785e-14,-1.1244e-13,-9.695e-14,-5.999e-14,-4.1812e-14,-6.9905e-14,-1.0031e-13,4.4823e-14,6.5785e-14,1.001e-13,1.1105e-13,9.9798e-14,6.7935e-14,-8.0256e-14,-8.9699e-14,-6.0777e-14,2.6056e-16,5.9392e-14,9.2495e-14,8.602e-14,7.2976e-14,3.583e-14,3.4838e-15,-2.4266e-14,-6.5348e-14,-2.5697e-14,-2.2469e-15,2.6436e-14,2.0756e-14,2.3869e-15,-1.4958e-14,0.14884,0.08526,0.080472,0.20165,-0.11247,-0.27406,0.28937,-0.068031,-0.0092888,0.17211,0.097299,-0.036975,-0.15355,-0.26584,0.11063,0.0056432,-0.033601,0.063637,0.21275,-0.026126,-0.11543,-0.084371,0.019464,0.11857,0.087888,-0.037178,-0.14621,-0.088425,0.057368,0.12942,0.085024,0.32269,0.077208,-0.031688,-0.0091194,0.040807,0.1974,0.45813,0.32511,0.22346,0.16821,0.21593,0.28759,0.15285,0.10011,0.21326,0.16991,0.057333,0.10901
-8.0794e-14,-1.4306e-14,9.4084e-15,1.9035e-14,2.2655e-14,-2.4258e-13,-2.2621e-13,-1.9658e-13,-1.4397e-13,-6.2754e-14,-8.0111e-14,-4.5481e-14,-6.1484e-15,3.4703e-14,-5.4541e-14,-1.4013e-14,4.4464e-14,6.7805e-14,5.3785e-14,7.8897e-14,9.3392e-14,6.0768e-14,6.5448e-14,7.0376e-14,8.3385e-14,-7.1747e-14,-6.7394e-14,-9.938e-14,-7.62e-14,-7.193e-14,-6.8017e-14,-5.9581e-14,8.8632e-14,8.8281e-14,4.6155e-15,-9.2194e-14,-1.3353e-13,-4.8793e-14,-5.8509e-14,-1.47e-14,-1.7586e-14,-4.4261e-14,-2.1867e-14,-6.0798e-14,-9.1712e-16,2.8942e-14,6.1785e-14,4.4196e-17,-8.4308e-14,-0.086336,0.051285,0.26707,0.069944,0.084847,0.15998,0.13835,0.57953,0.11737,-0.1237,-0.003697,0.047917,0.082812,0.09946,-0.013326,0.0011549,-0.023947,-0.067229,-0.12315,0.020381,0.11889,0.076459,-0.042709,-0.098157,-0.074867,-0.022925,0.11802,0.10905,-0.056597,-0.088932,-0.058621,-0.24453,-0.055164,0.0082535,0.013985,-0.022238,-0.090649,-0.28543,-0.24258,-0.22866,-0.22278,-0.27183,-0.26684,-0.1024,-0.056657,-0.13103,-0.18284,-0.12406,-0.18623
1.1833e-13,4.1377e-14,7.6728e-15,-9.8011e-15,-2.3048e-14,2.6132e-13,2.4149e-13,2.0902e-13,1.5385e-13,6.0884e-14,8.6323e-14,4.5323e-14,1.8253e-15,-4.3966e-14,6.4902e-14,2.1571e-14,-4.457e-14,-7.4114e-14,-6.0992e-14,-1.0116e-13,-1.1443e-13,-7.4579e-14,-7.6488e-14,-8.3028e-14,-1.0301e-13,8.3825e-14,7.98e-14,1.1608e-13,9.3682e-14,8.6103e-14,8.3742e-14,7.7367e-14,-7.8236e-14,-8.3135e-14,-5.485e-15,8.7802e-14,1.2911e-13,4.6345e-14,5.2597e-14,7.6533e-15,1.8981e-14,5.5224e-14,3.9652e-14,7.1169e-14,3.0048e-15,-3.4303e-14,-7.1034e-14,-8.4115e-16,9.1758e-14,-0.038925,0.020308,-0.19238,-0.14248,-0.096524,-0.051918,-0.019612,0.027024,0.48876,0.19325,-0.13337,-0.04477,0.060904,0.16552,-0.11448,-0.019397,0.057454,0.037538,-0.0093963,-0.01813,-0.093341,-0.047372,0.059116,0.053776,0.045951,0.060455,-0.070053,-0.067816,0.026449,0.025289,0.025677,-0.069911,-0.083175,-0.021798,0.012871,0.0089265,-0.06493,-0.044553,-0.040366,-0.0087148,0.0010151,0.029396,-0.016541,-0.050613,-0.025157,-0.030376,-0.0054913,-0.0032488,0.011748
-1.5521e-13,-1.1006e-13,-7.9298e-14,-5.1127e-14,-2.5642e-14,-5.8483e-14,-2.7477e-14,9.8037e-15,4.8171e-14,1.0906e-13,-2.8425e-14,-1.5974e-14,-3.8725e-15,9.187e-15,-4.2166e-14,-1.9946e-14,1.6332e-14,4.0604e-14,4.6501e-14,-5.2708e-14,-3.1203e-14,-2.0778e-14,-2.1021e-15,-1.6811e-14,-3.4325e-14,-2.8841e-15,1.6594e-14,3.4331e-14,5.6358e-14,4.8281e-14,1.9182e-14,-7.6163e-14,-2.6637e-15,1.5366e-14,9.5486e-16,-1.5642e-14,-9.7663e-15,4.343e-14,2.2098e-14,1.6328e-14,-6.852e-15,-3.7015e-14,-4.7982e-14,-4.7161e-14,-6.8226e-16,3.7769e-14,5.2534e-14,6.7144e-16,-5.5267e-14,0.2511,0.095874,0.081116,0.039441,-0.0020392,0.071773,0.090474,0.086757,0.072382,0.41718,0.08196,0.015713,-0.061917,-0.13206,0.080866,0.022782,-0.018163,-0.008691,0.019508,0.013712,0.044647,0.018866,-0.032581,-0.022209,-0.022435,-0.044319,0.029754,0.039989,0.01592,-0.015658,-0.025686,0.11812,0.082807,0.025419,-0.0098361,-0.015583,0.020444,0.042083,0.046056,0.042666,0.057199,0.060656,0.095497,0.059121,0.014764,0.018047,0.034278,0.041895,0.067054
2.7925e-14,-8.9167e-14,-1.2151e-13,-1.3152e-13,-9.7262e-14,4.7336e-13,4.6655e-13,4.4309e-13,3.6642e-13,1.8716e-13,1.2703e-13,6.821e-14,1.0237e-14,-5.1166e-14,6.2872e-14,1.1823e-14,-7.4525e-14,-1.0084e-13,-5.5435e-14,-1.8079e-13,-2.177e-13,-1.4552e-13,-1.3872e-13,-1.6021e-13,-1.8023e-13,1.6005e-13,1.5943e-13,2.2704e-13,1.7546e-13,1.5297e-13,1.4636e-13,7.2366e-14,-2.1853e-13,-1.9916e-13,-8.4193e-15,2.0787e-13,2.9568e-13,1.2184e-13,1.3947e-13,3.4896e-14,3.1473e-14,7.3206e-14,8.1054e-15,8.7609e-14,-1.1907e-15,-2.6613e-14,-1.111e-13,1.7849e-15,1.5444e-13,-0.0080318,0.2659,0.45811,0.57748,0.5846,0.11858,0.054814,-0.10435,-0.07292,-0.2454,1.0832,0.37772,-0.10722,-0.52897,-0.29438,-0.34192,0.017592,-0.1093,-0.096738,-0.074532,0.14512,0.060704,0.01328,-0.054865,-0.089703,0.044904,0.019028,0.10515,-0.089759,-0.078845,-0.00047267,-0.93054,-0.31274,0.0047532,-0.057297,0.052544,-0.078769,-0.51609,-0.58449,-0.53518,-0.51579,-0.65312,-0.86476,-0.25466,-0.17083,-0.10386,-0.36836,-0.38711,-0.5177
1.5142e-13,-4.6248e-15,-4.538e-14,-6.9209e-14,-1.0629e-13,4.3778e-13,3.9506e-13,3.3358e-13,2.4534e-13,8.8448e-14,1.1501e-13,5.6205e-14,-3.0706e-16,-5.9803e-14,1.1718e-13,3.648e-14,-6.6409e-14,-1.0684e-13,-9.6797e-14,-1.4549e-13,-1.7923e-13,-1.0678e-13,-1.3694e-13,-1.3265e-13,-1.481e-13,1.5164e-13,1.3373e-13,1.7802e-13,1.3845e-13,1.5967e-13,1.3785e-13,1.4492e-13,-1.3405e-13,-1.3815e-13,-9.1417e-15,1.5548e-13,2.2747e-13,6.0372e-14,7.796e-14,9.6994e-15,3.7591e-14,1.0687e-13,7.9118e-14,1.389e-13,6.1202e-15,-6.2589e-14,-1.4545e-13,4.7427e-15,1.9723e-13,0.00055881,0.773,1.2779,1.5113,1.6015,1.2638,1.0115,0.69971,0.45372,-0.066247,-0.43453,-0.060715,-0.22286,0.022855,0.20081,-0.077149,0.15781,0.091599,0.32218,-0.22417,-0.24395,-0.14948,0.071025,0.30566,0.24091,0.065217,-0.19926,-0.28935,-0.23018,0.2671,0.38648,-0.51853,-0.18953,-0.029997,0.022745,0.0072516,-0.0057266,-0.055621,-0.01968,0.1132,0.20347,-0.054054,-0.38647,-0.10181,-0.080865,0.057489,0.024053,-0.022529,-0.10447
-2.6564e-13,-3.1687e-13,-3.1032e-13,-2.7129e-13,-2.0489e-13,5.2678e-13,5.6715e-13,5.8005e-13,5.4444e-13,4.3584e-13,1.2159e-13,6.7455e-14,6.7502e-15,-5.5614e-14,1.705e-14,-6.88e-15,-6.9773e-14,-7.4532e-14,7.0305e-15,-3.9975e-13,-3.5694e-13,-2.7655e-13,-2.1221e-13,-2.8015e-13,-3.7254e-13,2.219e-13,2.7557e-13,3.8672e-13,4.0242e-13,3.1374e-13,2.7022e-13,-5.4437e-14,-2.88e-13,-2.2677e-13,-7.5669e-15,2.2969e-13,3.4959e-13,2.5233e-13,2.0022e-13,6.9177e-14,3.7885e-14,4.232e-14,-5.4497e-14,4.4687e-14,4.8728e-15,1.8444e-14,-5.0566e-14,6.4875e-15,1.0067e-13,0.28543,0.85201,0.9772,0.95465,0.74349,0.28772,0.41529,0.391,0.38073,-0.069386,0.88923,0.15313,-0.29459,-1.261,0.25796,-0.20851,-0.11706,0.065742,0.51516,0.029264,-0.15645,-0.15711,0.11254,0.092562,0.079198,0.09922,-0.18287,-0.14667,0.025198,0.11109,0.094029,-0.01438,0.16548,0.068014,-0.21784,0.14983,0.50163,0.50894,0.26587,0.38422,0.40198,0.14528,-0.13454,0.19649,0.064705,0.40393,0.17565,0.078261,-0.075009
-8.5132e-15,-1.3519e-13,-1.5776e-13,-1.5278e-13,-1.3719e-13,4.8098e-13,4.7359e-13,4.5657e-13,3.8615e-13,2.3397e-13,1.2163e-13,6.143e-14,3.1324e-15,-5.9351e-14,7.3024e-14,1.2452e-14,-7.1762e-14,-9.2848e-14,-5.3461e-14,-2.2961e-13,-2.6512e-13,-1.6083e-13,-1.607e-13,-1.8716e-13,-2.1672e-13,1.8123e-13,1.8402e-13,2.5492e-13,2.1997e-13,2.1483e-13,1.8426e-13,7.3841e-14,-2.0038e-13,-1.8394e-13,-9.1523e-15,1.963e-13,2.9593e-13,1.3835e-13,1.5148e-13,4.7108e-14,3.8498e-14,7.4111e-14,1.3789e-14,9.7212e-14,3.7671e-15,-2.129e-14,-1.0293e-13,4.2426e-15,1.557e-13,-0.21187,0.21895,0.52639,0.67735,0.74835,0.33132,0.17135,-0.038956,-0.06566,-0.32336,0.23117,0.13993,-0.0088734,0.19863,-0.25757,-0.25846,0.12185,-0.062735,-0.10394,-0.13122,0.015304,-0.032522,0.033596,0.086293,0.028547,0.068451,-0.081829,-0.047201,-0.14986,0.04045,0.16998,-0.8861,-0.31787,-0.00053739,-0.030938,0.031476,-0.13899,-0.48468,-0.52031,-0.53088,-0.50437,-0.63673,-0.80283,-0.2384,-0.18032,-0.094114,-0.31254,-0.36792,-0.42412
-6.8955e-14,-2.1292e-13,-2.3896e-13,-2.3513e-13,-2.0943e-13,6.8671e-13,6.8755e-13,6.5107e-13,5.6484e-13,3.6997e-13,1.7323e-13,9.1851e-14,6.8884e-15,-8.1981e-14,9.3245e-14,1.772e-14,-1.0047e-13,-1.3193e-13,-6.7939e-14,-3.7143e-13,-3.815e-13,-2.6382e-13,-2.4336e-13,-2.8814e-13,-3.5589e-13,2.6474e-13,2.8255e-13,3.9552e-13,3.6764e-13,3.245e-13,2.8196e-13,6.6059e-14,-3.006e-13,-2.6523e-13,-1.2252e-14,2.7781e-13,4.1546e-13,2.2144e-13,2.0475e-13,6.0505e-14,5.3185e-14,1.0286e-13,1.3255e-14,1.304e-13,6.3119e-15,-3.0753e-14,-1.3679e-13,7.3592e-15,2.1114e-13,-0.091955,0.64408,1.0617,1.2469,1.2171,0.63747,0.55309,0.30974,0.19014,-0.33421,0.44705,0.024226,-0.43943,-0.79029,0.33394,-0.18394,0.038093,0.080411,0.48993,-0.17832,-0.13074,-0.12371,0.12215,0.1945,0.11613,0.13443,-0.1904,-0.18029,-0.19121,0.14738,0.2801,-0.95606,-0.2913,0.0038305,-0.087353,0.083522,0.077932,-0.24972,-0.30827,-0.18591,-0.13664,-0.41319,-0.81146,-0.15537,-0.1198,0.081984,-0.196,-0.26087,-0.42572
0,0,0,0,0,0,0,0,0,0,0,0,0,0,0,0,0,0,0,0,0,0,0,0,0,0,0,0,0,0,0,0,0,0,0,0,0,0,0,0,0,0,0,0,0,0,0,0,0,0,0,0,0,0,0,0,0,0,0,0,0,0,0,0,0,0,0,0,0,0,0,0,0,0,0,0,0,0,0,0,0,0,0,0,0,0,0,0,0,0,0,0,0,0,0,0,0,0
9.0709e-15,-1.497e-13,-1.8728e-13,-2.0145e-13,-1.8086e-13,6.6388e-13,6.5098e-13,5.932e-13,4.8836e-13,2.8988e-13,1.7368e-13,9.1593e-14,7.8396e-15,-8.1302e-14,1.1134e-13,2.7213e-14,-1.0079e-13,-1.4185e-13,-8.7885e-14,-3.1469e-13,-3.3781e-13,-2.2323e-13,-2.251e-13,-2.5428e-13,-2.9677e-13,2.4682e-13,2.5488e-13,3.4864e-13,3.0253e-13,2.6881e-13,2.4563e-13,9.9071e-14,-2.839e-13,-2.5588e-13,-1.2491e-14,2.7183e-13,4.0352e-13,1.9251e-13,1.9206e-13,5.3712e-14,5.2353e-14,1.0775e-13,2.6226e-14,1.4386e-13,5.6825e-15,-4.3314e-14,-1.4879e-13,5.6673e-15,2.2256e-13,0.23152,1.2037,1.6331,1.9037,2.019,1.5056,1.2414,0.9238,0.77868,0.088466,0.72188,0.21584,-0.34333,-0.72259,-0.19851,-0.22431,0.47438,0.02634,0.050301,-0.25118,0.032814,0.027442,0.077234,0.10937,0.0043231,0.053099,-0.03337,0.022449,-0.2336,0.046528,0.14489,-1.2793,-0.2513,0.038952,-0.18062,0.14167,0.10766,-0.63109,-0.85163,-0.62674,-0.45012,-0.83495,-1.3055,-0.38287,-0.39147,-0.11006,-0.39386,-0.4341,-0.62518
-1.6118e-13,-2.7699e-13,-2.9414e-13,-2.7344e-13,-2.396e-13,6.8096e-13,6.959e-13,6.7897e-13,6.1044e-13,4.3973e-13,1.6242e-13,8.7492e-14,6.5305e-15,-7.5902e-14,6.6715e-14,6.2362e-15,-9.6227e-14,-1.1412e-13,-4.136e-14,-4.1842e-13,-4.0879e-13,-2.9039e-13,-2.5207e-13,-3.105e-13,-3.896e-13,2.7264e-13,2.9625e-13,4.2289e-13,4.1191e-13,3.6056e-13,3.0277e-13,2.9252e-14,-3.1383e-13,-2.682e-13,-1.164e-14,2.7783e-13,4.1989e-13,2.4539e-13,2.1447e-13,6.8855e-14,5.3285e-14,9.2999e-14,-3.8225e-15,1.1188e-13,6.2937e-15,-1.6338e-14,-1.1952e-13,1.0435e-14,1.9551e-13,0.15192,0.47778,0.76777,0.74883,0.54189,-0.20042,-0.17232,-0.28515,-0.23314,-0.35303,-0.10291,-0.19732,-0.25977,-0.31118,0.12131,-0.056863,0.093537,0.33199,0.3812,0.034956,-0.25003,-0.25112,0.11531,0.17175,0.17913,0.19171,-0.30149,-0.36552,-0.03113,0.19463,0.31179,-0.28982,-0.17522,0.0026623,-0.032371,0.029708,0.12739,0.37607,0.26956,0.23667,0.17531,-0.0044212,-0.23159,0.039393,0.10413,0.23464,0.15223,0.010581,-0.074841
2.6141e-14,-7.094e-14,-9.4114e-14,-1.0333e-13,-9.6395e-14,3.7483e-13,3.6054e-13,3.2812e-13,2.5857e-13,1.5173e-13,9.8986e-14,5.1391e-14,4.0597e-15,-4.6525e-14,6.904e-14,1.8198e-14,-5.7243e-14,-8.3159e-14,-5.478e-14,-1.6854e-13,-1.8164e-13,-1.1772e-13,-1.211e-13,-1.3616e-13,-1.5538e-13,1.3392e-13,1.36e-13,1.8628e-13,1.5751e-13,1.4332e-13,1.3229e-13,6.5901e-14,-1.5713e-13,-1.4299e-13,-7.1573e-15,1.532e-13,2.2601e-13,1.0149e-13,1.0371e-13,2.6787e-14,3.0136e-14,6.7473e-14,2.2488e-14,8.7007e-14,3.2915e-15,-2.9519e-14,-9.1773e-14,3.2679e-15,1.325e-13,-0.19389,0.4335,0.74351,0.90269,0.93792,0.66927,0.56635,0.35084,0.19342,-0.30073,0.47311,0.094508,-0.34146,-0.6657,0.21314,-0.20135,-0.012686,-0.011824,0.45227,-0.18599,-0.027955,-0.032663,0.071037,0.13283,0.042744,0.067025,-0.060314,-0.039668,-0.18037,0.063918,0.14941,-0.72921,-0.13584,0.025658,-0.084816,0.059157,0.0060475,-0.4698,-0.50603,-0.34912,-0.26298,-0.45366,-0.70836,-0.14296,-0.17402,-0.017443,-0.27785,-0.27865,-0.39102
-7.4025e-13,-4.8996e-13,-3.4124e-13,-2.3631e-13,-1.545e-13,-4.8382e-13,-3.7174e-13,-2.0595e-13,2.4528e-14,3.21e-13,-2.1246e-13,-1.0996e-13,-7.9643e-15,9.9822e-14,-2.6962e-13,-1.0298e-13,1.1092e-13,2.336e-13,2.5796e-13,-1.2054e-13,-1.7036e-14,-3.5481e-14,3.7616e-14,-6.3341e-15,-5.8109e-14,-5.703e-14,1.4697e-14,-1.5799e-15,1.3293e-13,9.5525e-14,2.1385e-14,-4.1753e-13,5.1274e-14,1.3181e-13,1.1962e-14,-1.4506e-13,-1.6726e-13,1.3925e-13,3.6227e-14,6.2607e-14,-3.6711e-14,-2.0358e-13,-2.3833e-13,-2.7392e-13,-4.8088e-16,1.8934e-13,2.6927e-13,4.61e-15,-3.2419e-13,-0.39965,-0.69768,-0.79809,-0.82246,-0.64128,-0.26022,-0.32428,-0.43637,-0.3537,-0.13213,0.010665,0.092908,0.21855,0.30375,-0.16477,-0.091425,-0.042946,-0.095288,-0.23144,0.14295,-0.082905,-0.020313,0.17031,0.10184,-0.31189,-0.044867,-0.11314,-0.027466,0.1198,-0.0028702,0.068534,-0.16344,-0.12179,-0.056178,0.061223,-0.0050452,-0.01165,-0.027542,0.41627,0.59658,0.64778,0.5492,0.30534,0.051265,0.17079,0.10169,0.23419,0.23684,0.11423
-4.1632e-13,-2.8005e-13,-1.9682e-13,-1.3392e-13,-8.7324e-14,-2.4026e-13,-1.7481e-13,-8.5122e-14,3.5794e-14,1.9463e-13,-1.0916e-13,-5.7191e-14,-3.4239e-15,5.3646e-14,-1.5293e-13,-6.1086e-14,5.7445e-14,1.271e-13,1.4838e-13,-8.475e-14,-2.7838e-14,-3.6834e-14,5.2813e-15,-1.7432e-14,-4.5061e-14,-2.0114e-14,1.7383e-14,1.3814e-14,8.681e-14,7.0008e-14,2.5244e-14,-2.4123e-13,1.1749e-14,6.1032e-14,6.0422e-15,-6.7525e-14,-7.0744e-14,9.9442e-14,3.642e-14,4.3075e-14,-1.8275e-14,-1.1481e-13,-1.4079e-13,-1.5506e-13,-8.4026e-16,1.1017e-13,1.5183e-13,2.3764e-15,-1.8158e-13,-0.085913,-0.005563,0.028836,-0.061608,-0.098164,-0.61574,-0.53534,-0.35166,0.058174,0.41532,-0.044936,-0.10331,-0.1242,-0.10813,0.072364,-0.013116,-0.0026952,0.089211,0.23481,0.022154,0.27073,0.062363,0.19809,-0.07194,-0.4814,0.058704,-0.12481,0.093623,0.1643,-0.14815,-0.04367,0.01033,-0.19089,-0.12931,0.026613,0.1027,0.21991,0.50498,0.70673,0.66813,0.62003,0.49859,0.34633,0.15678,0.28922,0.3277,0.33434,0.21892,0.097007
-6.441e-13,-4.2069e-13,-2.846e-13,-1.994e-13,-1.3099e-13,-4.4042e-13,-3.4709e-13,-1.9763e-13,5.3486e-15,2.6617e-13,-1.9052e-13,-9.8413e-14,-7.4484e-15,8.8719e-14,-2.3565e-13,-8.9243e-14,9.9822e-14,2.0699e-13,2.2476e-13,-9.991e-14,-5.9128e-15,-2.4348e-14,3.9229e-14,1.5215e-15,-4.2143e-14,-5.4444e-14,7.4515e-15,-9.1746e-15,1.0935e-13,7.9876e-14,1.0997e-14,-3.6627e-13,5.4552e-14,1.2341e-13,1.08e-14,-1.3597e-13,-1.5772e-13,1.141e-13,2.5789e-14,5.2552e-14,-3.3962e-14,-1.8139e-13,-2.0826e-13,-2.4306e-13,-2.2013e-16,1.674e-13,2.3983e-13,3.4224e-15,-2.8992e-13,-0.16509,-0.55942,-0.78112,-0.88549,-0.74369,-0.49693,-0.58575,-0.66307,-0.487,-0.16325,0.17324,0.10027,0.028858,-0.063432,-0.024649,-0.01719,-0.032711,-0.047289,-0.1171,-0.13672,-0.26808,0.064683,0.2763,0.24269,-0.17888,0.094508,-0.080835,-0.26414,-0.14323,0.13905,0.25465,0.20893,0.10198,-0.020672,0.022285,-0.0016128,0.17262,0.32312,0.61997,0.70582,0.70825,0.66467,0.52901,0.19252,0.18096,0.23034,0.38765,0.29222,0.28323
-4.5125e-13,-4.1341e-13,-3.5031e-13,-2.8673e-13,-2.2629e-13,2.0116e-13,2.6611e-13,3.3275e-13,3.921e-13,4.3217e-13,2.3334e-15,1.7617e-15,2.7453e-16,-1.5689e-15,-8.1243e-14,-4.3314e-14,-7.6595e-15,3.7032e-14,9.5112e-14,-3.1734e-13,-2.695e-13,-1.9803e-13,-1.468e-13,-1.965e-13,-2.6359e-13,1.482e-13,2.0028e-13,2.664e-13,3.1615e-13,2.7271e-13,2.0346e-13,-1.8351e-13,-1.7898e-13,-1.092e-13,-2.289e-15,1.1184e-13,1.9669e-13,2.283e-13,1.6362e-13,7.5208e-14,1.5847e-14,-3.9692e-14,-1.2212e-13,-6.1223e-14,3.6269e-15,8.3771e-14,5.1618e-14,7.2633e-15,-3.2005e-14,-0.825,-0.092482,0.35839,0.5773,0.73949,0.14371,-0.048164,-0.31185,-0.31695,-0.6124,0.44785,0.086566,-0.25395,-0.50964,0.077678,-0.17117,0.080725,0.043127,0.19883,-0.33107,-0.16205,0.021082,0.66967,0.17301,-0.37064,0.30983,-0.18638,-0.15794,-0.15107,-0.022978,0.20853,-0.81775,-0.27974,-0.014165,-0.062135,0.0763,0.0097908,-0.3535,-0.14778,0.056841,0.16788,-0.10164,-0.5141,0.014574,0.06519,0.15534,-0.11342,-0.19162,-0.31606
-9.655e-13,-6.1641e-13,-4.1656e-13,-2.7686e-13,-1.8082e-13,-7.0088e-13,-5.5558e-13,-3.5292e-13,-3.7901e-14,3.672e-13,-2.9454e-13,-1.5241e-13,-9.1191e-15,1.4241e-13,-3.6649e-13,-1.4142e-13,1.5273e-13,3.1902e-13,3.4877e-13,-1.1283e-13,2.8559e-14,-9.7603e-15,7.3897e-14,2.5161e-14,-2.169e-14,-9.9935e-14,-1.1693e-14,-5.5503e-14,1.2693e-13,8.896e-14,-8.5715e-15,-5.5171e-13,9.2124e-14,1.9432e-13,1.6855e-14,-2.1294e-13,-2.5124e-13,1.6216e-13,3.6115e-14,8.3182e-14,-5.0366e-14,-2.7962e-13,-3.2055e-13,-3.6897e-13,-2.2259e-15,2.5052e-13,3.6452e-13,6.0183e-15,-4.4112e-13,-0.069567,-0.57228,-0.91725,-1.2236,-1.1907,-1.2495,-1.1758,-1.0144,-0.3803,0.35592,0.15994,0.04588,-0.042344,-0.10532,-0.055196,-0.092031,-0.058811,0.023434,0.12445,-0.094982,-0.45731,-0.33013,0.41803,0.6205,-0.15611,0.10448,-0.39529,-0.3271,0.053966,0.19108,0.37286,0.29064,-0.071795,-0.16177,0.025807,0.13597,0.52271,1.019,1.4191,1.4814,1.4185,1.2202,0.92755,0.2421,0.41632,0.55344,0.87814,0.64796,0.48469
0,0,0,0,0,0,0,0,0,0,0,0,0,0,0,0,0,0,0,0,0,0,0,0,0,0,0,0,0,0,0,0,0,0,0,0,0,0,0,0,0,0,0,0,0,0,0,0,0,0,0,0,0,0,0,0,0,0,0,0,0,0,0,0,0,0,0,0,0,0,0,0,0,0,0,0,0,0,0,0,0,0,0,0,0,0,0,0,0,0,0,0,0,0,0,0,0,0
5.0777e-13,2.091e-13,7.479e-14,-3.7108e-15,-4.0381e-14,8.8842e-13,7.9975e-13,6.485e-13,4.069e-13,3.7092e-14,2.9316e-13,1.5475e-13,1.2678e-14,-1.3607e-13,2.7028e-13,9.0063e-14,-1.6152e-13,-2.7677e-13,-2.4678e-13,-1.8856e-13,-2.7247e-13,-1.6865e-13,-2.0892e-13,-2.1105e-13,-2.2611e-13,2.411e-13,1.9996e-13,2.9938e-13,1.7286e-13,1.6511e-13,1.9294e-13,3.6467e-13,-2.7193e-13,-3.0399e-13,-1.8051e-14,3.2305e-13,4.4305e-13,6.2909e-14,1.3098e-13,4.4073e-16,6.8338e-14,2.3e-13,1.8674e-13,3.0469e-13,4.6708e-15,-1.6776e-13,-3.0599e-13,2.4468e-15,4.0448e-13,-0.3532,0.57154,1.0801,1.3692,1.3666,1.0941,0.90894,0.57995,0.059712,-0.93143,0.32459,0.10652,-0.15849,-0.33253,-0.073065,-0.18334,0.099211,0.042356,0.17475,-0.22722,0.15692,0.09829,-0.098403,-0.11905,0.18945,0.29126,0.20968,0.080708,-0.40612,-0.11557,-0.059956,-1.265,-0.39199,0.042963,-0.10154,0.058578,-0.17647,-0.81766,-1.2638,-1.2309,-1.1751,-1.3858,-1.5563,-0.50928,-0.466,-0.33348,-0.64891,-0.61898,-0.78242
6.7254e-13,4.4347e-13,3.0059e-13,2.1088e-13,1.2719e-13,4.5368e-13,3.5261e-13,2.0172e-13,-1.017e-14,-2.7093e-13,1.9379e-13,9.8133e-14,4.2362e-15,-9.5728e-14,2.5183e-13,9.7161e-14,-9.9956e-14,-2.1386e-13,-2.3735e-13,9.0221e-14,-2.177e-15,2.347e-14,-4.524e-14,-6.8842e-15,3.7546e-14,6.5247e-14,1.2524e-15,2.0235e-14,-1.0099e-13,-6.6533e-14,-7.234e-15,3.8327e-13,-4.3919e-14,-1.1708e-13,-1.1396e-14,1.3049e-13,1.5501e-13,-1.2069e-13,-3.3739e-14,-5.8242e-14,3.4963e-14,1.9011e-13,2.2246e-13,2.5446e-13,2.6712e-15,-1.7221e-13,-2.4869e-13,-3.9305e-15,2.9861e-13,0.15853,0.28976,0.41406,0.55676,0.49944,0.26324,0.21552,0.2375,0.12315,0.029668,0.05564,0.022588,-0.063046,-0.15346,-0.05305,0.036003,0.056922,0.059214,0.039191,-0.075496,-0.13172,-0.0051371,-0.18183,-0.0049261,0.39911,0.0011064,0.17419,-0.15206,-0.10309,0.08017,-0.00032043,0.10641,0.14826,0.025835,-0.016114,-0.0097203,0.046672,-0.023283,-0.21924,-0.26419,-0.31195,-0.222,-0.1314,0.0050394,-0.1021,-0.040671,-0.13476,-0.1097,-0.01569
3.6613e-13,2.3896e-13,1.6736e-13,1.1209e-13,8.5568e-14,2.3351e-13,1.7594e-13,8.4987e-14,-2.2383e-14,-1.8242e-13,1.0399e-13,5.5489e-14,6.553e-15,-4.5784e-14,1.4226e-13,5.7273e-14,-5.7205e-14,-1.2311e-13,-1.3961e-13,9.3697e-14,3.1879e-14,3.6174e-14,2.9173e-15,2.5592e-14,5.015e-14,9.0674e-15,-2.2454e-14,-2.2302e-14,-9.4064e-14,-8.0867e-14,-3.4269e-14,2.1802e-13,-3.2616e-14,-7.4715e-14,-5.1972e-15,8.0461e-14,8.5241e-14,-8.3642e-14,-2.2651e-14,-3.7941e-14,1.8853e-14,1.1004e-13,1.2417e-13,1.4561e-13,-1.1821e-15,-1.0496e-13,-1.4483e-13,-1.7216e-15,1.7604e-13,0.57775,0.62536,0.47145,0.36102,0.23326,0.72843,0.86263,0.89703,0.64799,0.20376,0.0076906,-0.064736,-0.13501,-0.19201,0.22874,0.083053,0.005791,-0.009753,0.076238,0.15604,0.35983,0.089866,-0.38491,-0.32801,0.10719,-0.25353,0.24306,0.55546,0.053109,-0.22286,-0.37524,0.25619,0.18085,0.14301,-0.069747,-0.073262,-0.19298,-0.22185,-0.61877,-0.74615,-0.71005,-0.57404,-0.24748,-0.077269,-0.20159,-0.24226,-0.32479,-0.25297,-0.1029
6.1776e-13,4.1525e-13,2.9002e-13,2.0379e-13,1.2914e-13,3.81e-13,2.8752e-13,1.4658e-13,-3.8826e-14,-2.7487e-13,1.6873e-13,8.6192e-14,4.6409e-15,-8.1535e-14,2.2403e-13,8.6384e-14,-8.7157e-14,-1.8933e-13,-2.1189e-13,1.0151e-13,1.9525e-14,3.4909e-14,-2.6773e-14,8.5994e-15,5.2547e-14,4.2949e-14,-1.7331e-14,-6.7003e-15,-1.124e-13,-8.1595e-14,-2.2446e-14,3.4609e-13,-2.7855e-14,-9.6369e-14,-9.5468e-15,1.0749e-13,1.2176e-13,-1.2122e-13,-4.0126e-14,-5.4628e-14,2.9409e-14,1.6714e-13,2.002e-13,2.252e-13,1.3731e-15,-1.5595e-13,-2.1965e-13,-3.8455e-15,2.6293e-13,0.13247,0.26736,0.4395,0.59699,0.52458,0.15017,0.11562,0.083073,-0.076864,-0.17226,-0.19568,-0.00014711,0.17332,0.32429,-0.1561,-0.025963,0.011444,-0.025655,-0.10552,0.17024,0.11715,-0.02222,-0.37659,-0.1735,0.28492,-0.15416,0.081369,0.050862,0.16774,-0.020024,-0.12579,-0.29212,-0.049335,0.023215,0.0099584,-0.033173,-0.19978,-0.44415,-0.57256,-0.54253,-0.5401,-0.49977,-0.4682,-0.21326,-0.20762,-0.25666,-0.33936,-0.19484,-0.20856
4.7404e-13,2.7564e-13,1.8035e-13,1.1951e-13,8.6071e-14,4.1697e-13,3.451e-13,2.6389e-13,9.1068e-14,-1.5137e-13,1.6793e-13,8.8625e-14,9.3046e-15,-7.5066e-14,1.7751e-13,6.6148e-14,-8.8226e-14,-1.6985e-13,-1.7532e-13,4.133e-14,-4.0997e-14,-1.1145e-14,-4.1593e-14,-2.6855e-14,-2.1628e-14,6.0341e-14,2.0283e-14,4.9139e-14,-5.1209e-14,-3.4861e-14,2.1496e-14,2.7087e-13,-8.8883e-14,-1.3139e-13,-8.9605e-15,1.3978e-13,1.7074e-13,-6.2838e-14,4.7866e-15,-3.3562e-14,2.6655e-14,1.4063e-13,1.5044e-13,1.8008e-13,-5.4553e-16,-1.2171e-13,-1.8934e-13,-3.8453e-15,2.2607e-13,-0.19601,0.333,0.76101,1.0368,1.0811,0.98038,0.921,0.76609,0.39498,-0.0074912,-0.067348,0.045925,0.13268,0.19416,-0.14599,-0.019516,0.042229,-0.033117,-0.14902,-0.07346,0.29346,0.30536,-0.37292,-0.33585,0.18341,-0.39456,0.2951,0.35633,-0.032656,0.15693,-0.38113,-0.69699,-0.28959,-0.0066948,-0.0094321,0.016127,-0.21592,-0.73636,-1.2837,-1.4897,-1.5465,-1.4879,-1.2588,-0.49554,-0.44515,-0.5218,-0.73789,-0.68125,-0.72219
4.5884e-13,3.0742e-13,2.175e-13,1.4471e-13,8.9884e-14,2.6395e-13,1.9234e-13,8.9899e-14,-5.061e-14,-2.1737e-13,1.153e-13,5.7433e-14,4.4834e-16,-6.0045e-14,1.7217e-13,6.8822e-14,-5.8726e-14,-1.3644e-13,-1.593e-13,8.2295e-14,1.8152e-14,2.7859e-14,-1.7665e-14,9.6386e-15,4.7051e-14,3.0258e-14,-1.7817e-14,-7.7182e-15,-8.9302e-14,-6.6661e-14,-1.7621e-14,2.6404e-13,-7.0343e-15,-6.1092e-14,-6.7505e-15,7.0449e-14,7.6566e-14,-1.0202e-13,-4.1563e-14,-4.6863e-14,2.1249e-14,1.2828e-13,1.5928e-13,1.7088e-13,2.2193e-15,-1.1817e-13,-1.6555e-13,-2.3242e-15,1.981e-13,0.80667,0.43959,0.11363,-0.059472,-0.28282,-0.11769,0.026009,0.21634,0.21849,0.2323,-0.09796,-0.18937,-0.30518,-0.38636,0.42368,0.18654,0.03699,0.082882,0.24878,0.19634,-0.33376,-0.46944,-0.14081,0.20582,0.54184,0.19188,-0.39329,-0.52054,0.0041794,0.2158,0.50197,1.0075,0.59889,0.18437,-0.04539,-0.13898,-0.080943,0.30775,0.38196,0.42143,0.48372,0.68337,0.8496,0.4152,0.090299,0.13223,0.15603,0.24486,0.54141
-3.4777e-14,-2.5286e-14,-1.5019e-14,2.1202e-15,-1.9988e-15,-4.4628e-14,-3.2571e-14,8.2148e-16,2.5101e-14,3.0314e-14,-1.0896e-14,-6.0782e-15,-3.0243e-15,5.5315e-16,-2.1851e-14,-1.156e-14,5.5234e-15,2.2062e-14,2.6928e-14,2.3928e-15,8.6231e-16,4.1486e-16,9.4829e-15,3.4786e-15,-5.8287e-15,-1.6037e-14,-4.6676e-15,-4.9826e-16,4.8133e-15,7.4976e-15,2.2829e-15,-1.8337e-14,1.7402e-14,1.4415e-14,4.0622e-16,-1.5517e-14,-2.1665e-14,6.5326e-15,6.4605e-15,8.0272e-15,-2.1602e-15,-1.6906e-14,-1.678e-14,-1.7569e-14,-1.3777e-16,1.7039e-14,2.3925e-14,-3.6758e-16,-2.5453e-14,-0.02038,0.043447,0.094822,0.12432,0.12362,0.31627,0.29087,0.20213,0.085185,-0.027112,-0.0089396,0.00273,0.024377,0.04332,-0.065812,-0.012917,0.03575,0.01075,-0.029259,-0.036721,-0.011034,-0.0096724,0.062085,0.014151,-0.018808,0.044534,-0.0068102,-0.025222,-0.025001,-0.0017408,0.014241,0.45895,-0.015195,-0.024289,0.0090962,0.015193,-0.0013177,0.19449,0.032627,0.043931,0.060931,0.078081,0.10777,-0.019367,0.034962,-0.0073365,0.020759,0.047639,0.035506
4.7902e-14,3.0421e-14,2.3076e-14,1.5464e-14,1.1063e-14,5.8342e-14,5.0895e-14,3.2444e-14,1.1362e-14,8.9224e-16,2.2689e-14,1.1468e-14,5.6332e-16,-1.0974e-14,2.5137e-14,8.9095e-15,-1.2009e-14,-2.398e-14,-2.224e-14,-1.2575e-14,-9.7696e-15,-1.0013e-14,-1.4532e-14,-6.32e-15,-6.1337e-15,1.9897e-14,8.4376e-15,1.5823e-14,-7.2464e-15,-5.8452e-16,1.0385e-14,3.5532e-14,-1.1798e-14,-1.4728e-14,-1.6489e-15,1.7761e-14,2.5353e-14,1.5365e-15,-1.3593e-15,-6.2865e-15,2.8456e-15,1.8719e-14,1.8863e-14,2.3632e-14,-3.269e-16,-1.4614e-14,-2.3571e-14,-9.6582e-16,2.8784e-14,-0.082376,-0.079061,-0.093172,-0.11874,-0.1229,-0.28465,-0.34992,-0.33732,-0.25374,-0.15527,0.024468,-0.034185,-0.11257,-0.18316,0.12708,0.02074,-0.030911,0.028099,0.16043,0.047355,-0.017382,-0.018593,-0.079825,0.012608,0.055838,-0.059195,-0.030416,-0.021108,0.024033,0.043852,0.042834,0.27751,0.49676,0.021229,-0.042455,0.021225,0.41809,0.36866,0.10638,-0.040106,-0.055864,-0.029495,0.095422,0.034116,-0.087329,0.050882,0.0028904,-0.062497,0.035561
-1.3904e-13,-7.9519e-14,-4.7673e-14,-3.2113e-14,-1.6154e-14,-1.9369e-13,-1.8098e-13,-1.3563e-13,-8.939e-14,-1.3818e-14,-7.1272e-14,-3.5483e-14,-3.9558e-16,3.7485e-14,-6.6812e-14,-2.4289e-14,3.5249e-14,6.5873e-14,6.1715e-14,6.2152e-14,6.4189e-14,5.2548e-14,5.4871e-14,4.3562e-14,6.6845e-14,-6.4114e-14,-5.3304e-14,-7.7205e-14,-3.3839e-14,-4.1165e-14,-5.0709e-14,-9.0043e-14,4.0127e-14,5.2618e-14,4.4431e-15,-5.8393e-14,-8.1737e-14,-1.4831e-14,-1.3375e-14,9.1491e-15,-1.2675e-14,-5.5835e-14,-5.1493e-14,-7.0027e-14,-1.9582e-15,4.1667e-14,6.8876e-14,1.7307e-15,-8.2869e-14,-0.039769,-0.1655,-0.20875,-0.19013,-0.10661,0.072537,0.069525,0.095028,0.14706,0.29376,-0.15065,0.017335,0.21211,0.36537,-0.14543,-0.046473,-0.0070308,-0.053285,-0.19195,-0.065984,-0.049537,0.013611,0.08485,0.022593,-0.0055321,0.025122,-0.0065879,-0.013351,-0.026879,0.017068,0.0046279,-0.60504,-0.31658,0.14428,-0.12963,-0.014645,-0.35553,-0.5039,-0.27162,-0.12912,-0.13945,-0.18992,-0.36304,-0.27923,-0.20566,-0.25474,-0.23865,-0.22286,-0.33363
-2.5619e-14,-1.2243e-13,-1.5509e-13,-1.5989e-13,-1.5135e-13,4.9651e-13,4.944e-13,4.5768e-13,3.9739e-13,2.5872e-13,1.2476e-13,6.4582e-14,2.1881e-15,-6.1779e-14,6.8706e-14,1.4497e-14,-7.15e-14,-9.4293e-14,-4.9471e-14,-2.8264e-13,-2.7961e-13,-2.0152e-13,-1.8048e-13,-2.1256e-13,-2.6731e-13,2.0112e-13,2.1115e-13,2.8817e-13,2.6256e-13,2.3381e-13,2.1044e-13,5.4442e-14,-2.1184e-13,-1.8542e-13,-9.6707e-15,1.9599e-13,2.9634e-13,1.5722e-13,1.3708e-13,3.8537e-14,3.6974e-14,8.0068e-14,1.9328e-14,9.5034e-14,4.2714e-15,-2.1836e-14,-1.0266e-13,5.2383e-15,1.5641e-13,-0.19166,0.52306,0.89767,1.0181,0.87522,0.46598,0.52113,0.36468,0.20385,-0.39641,0.59682,0.13404,-0.38861,-0.79713,0.15315,-0.16838,0.060905,0.06103,0.34817,-0.15517,-0.010254,-0.032857,0.030452,0.12483,0.042992,0.04102,-0.095572,-0.053727,-0.16011,0.080497,0.18789,-0.96543,-0.38096,-0.14317,0.22175,-0.078581,-0.10571,-0.42674,-0.88209,-1.0183,-0.99598,-1.1883,-1.2674,-0.52631,-0.49907,-0.34748,-0.55568,-0.64841,-0.73889
1.6787e-13,1.0565e-13,7.4783e-14,5.5432e-14,3.9427e-14,1.5214e-13,1.2952e-13,9.7516e-14,4.4527e-14,-3.0255e-14,6.481e-14,3.391e-14,2.7531e-15,-3.1436e-14,6.5088e-14,2.2823e-14,-3.3241e-14,-6.2923e-14,-6.3822e-14,8.4984e-16,-2.2777e-14,-1.7089e-14,-3.8068e-14,-1.6532e-14,-1.2803e-14,3.7269e-14,2.2424e-14,3.5311e-14,-7.1326e-15,5.6474e-15,1.9165e-14,9.5293e-14,-2.4485e-14,-4.221e-14,-3.8721e-15,4.6691e-14,5.8803e-14,-1.31e-14,8.1207e-15,-1.1029e-14,1.0048e-14,4.9538e-14,5.0254e-14,6.876e-14,1.9385e-16,-4.4304e-14,-6.5493e-14,-2.1187e-15,7.7816e-14,0.71882,0.57407,0.49882,0.46435,0.47641,0.33545,0.19779,0.14861,0.21307,0.37032,-0.11752,-0.02033,0.091129,0.18286,-0.088878,0.0058522,0.046658,-0.0076778,-0.0921,0.10173,0.061029,-0.0093051,-0.051155,-0.086466,-0.01583,0.023329,0.026132,0.0028898,0.056287,-0.051853,-0.056784,-0.15427,-0.24256,0.010123,-0.13413,0.12401,-0.28877,-0.38832,-0.064964,0.1704,0.2372,0.25222,0.10048,-0.16345,-0.13548,-0.23784,-0.12514,0.064637,-0.00053578
-5.4725e-14,-3.5603e-14,-2.6229e-14,-2.3474e-14,-1.6619e-14,-3.9094e-14,-2.9897e-14,-2.3877e-14,-2.6413e-15,9.3169e-15,-1.903e-14,-1.0419e-14,-8.1455e-16,9.3482e-15,-2.1978e-14,-8.4836e-15,9.83e-15,2.0661e-14,2.4765e-14,-2.8093e-15,-2.8518e-15,2.4216e-15,9.9899e-15,-2.8899e-15,-3.4364e-15,-1.2044e-14,-4.504e-15,-8.6075e-15,1.4199e-14,2.4487e-15,-1.5044e-15,-3.1306e-14,3.8691e-15,1.0036e-14,1.2072e-15,-1.1213e-14,-1.4113e-14,1.1823e-14,2.6759e-15,6.1193e-15,-1.895e-15,-1.5116e-14,-1.4732e-14,-2.0314e-14,4.9185e-16,1.4385e-14,2.1551e-14,1.0145e-15,-2.3919e-14,-0.28556,-0.36475,-0.39612,-0.36453,-0.29111,-0.19806,-0.17209,-0.14683,-0.18661,-0.21149,0.028436,-0.0061025,-0.037066,-0.078065,0.082049,-0.00019396,-0.048627,-0.005062,0.064632,-0.03527,-0.085927,-0.056477,0.030194,0.085783,0.061698,0.0015446,-0.02735,-0.049571,-0.027583,0.067542,0.035417,0.10628,0.32247,0.0058515,-0.031344,0.025493,0.4297,0.053794,-0.12034,-0.26413,-0.31222,-0.27112,-0.11861,-0.034068,-0.091893,-0.007446,-0.1495,-0.25575,-0.1804
-8.4281e-14,-7.0913e-14,-6.2286e-14,-4.2441e-14,-2.3806e-14,4.4292e-15,1.3461e-14,1.8232e-14,2.1603e-14,4.5081e-14,-8.6681e-15,-3.0297e-15,1.9617e-15,6.856e-15,-7.5699e-15,-1.8095e-15,3.4088e-15,3.5145e-15,4.872e-15,-3.95e-14,-2.6996e-14,-2.0614e-14,-1.5448e-14,-2.1447e-14,-3.0346e-14,2.0112e-14,2.4848e-14,2.855e-14,3.771e-14,3.5376e-14,2.0872e-14,-3.5995e-14,-2.019e-14,-1.0485e-14,1.3106e-15,8.3442e-15,1.6582e-14,2.1363e-14,1.4688e-14,9.5153e-15,1.143e-15,-9.5238e-15,-2.2062e-14,-1.2222e-14,8.0936e-16,7.1241e-15,8.087e-15,1.2611e-15,-1.1334e-14,0.020988,0.12303,0.19176,0.2307,0.19234,0.051119,0.075948,0.065374,0.056729,0.022645,0.047052,0.04375,0.043195,0.03632,-0.083422,-0.013917,0.023998,-0.012804,-0.084171,-0.031814,0.0050997,0.014256,-0.01274,0.011599,0.0136,0.0096819,-0.0010374,0.006647,-0.027995,-0.0031581,0.015861,0.29667,-0.0038702,0.0042461,0.022829,-0.027075,-0.0011431,0.59062,0.25635,0.27517,0.28891,0.22528,0.16021,0.019371,0.051083,0.00886,0.17159,0.21153,0.13944
3.5e-14,6.82e-15,-5.8111e-15,-1.0061e-14,-6.9262e-15,1.1293e-13,1.1649e-13,1.1291e-13,1.0413e-13,5.7998e-14,3.927e-14,1.8785e-14,-1.3158e-15,-2.2845e-14,2.9961e-14,1.2647e-14,-1.6441e-14,-3.1154e-14,-3.0184e-14,-5.9594e-14,-6.5988e-14,-4.5267e-14,-4.1002e-14,-4.644e-14,-6.2931e-14,3.8642e-14,4.6952e-14,6.7283e-14,5.4597e-14,5.5569e-14,4.8894e-14,2.5555e-14,-2.6588e-14,-2.9194e-14,-2.5801e-15,3.1734e-14,4.7383e-14,2.3295e-14,1.9046e-14,-1.3777e-15,5.6635e-15,2.2078e-14,1.7931e-14,2.4608e-14,2.119e-15,-9.2475e-15,-2.3665e-14,-1.6289e-15,3.0971e-14,0.15903,0.015945,-0.057869,-0.1641,-0.18662,0.02918,-0.050855,-0.058079,-0.041415,0.063549,-0.10627,-0.044237,0.012243,0.084766,-0.0050446,-0.010877,-0.0090006,0.014936,0.063484,0.070698,0.061438,0.0052705,-0.010648,-0.071729,-0.055029,-0.047174,-0.0086358,0.012247,0.084052,-0.013043,-0.027446,-0.1349,-0.1078,-0.052182,-0.0021042,0.054287,0.12503,0.12932,0.3786,-0.10772,-0.24911,-0.15257,0.092258,-0.048728,-0.060288,0.077886,-0.037798,-0.17879,-0.094342
-4.5354e-14,-1.0785e-14,9.7589e-15,1.4629e-14,1.3542e-14,-1.3621e-13,-1.3701e-13,-1.3219e-13,-1.1014e-13,-6.3515e-14,-4.4088e-14,-2.0437e-14,3.2863e-15,2.8099e-14,-4.3501e-14,-1.9434e-14,1.7398e-14,3.8522e-14,4.0671e-14,6.9833e-14,7.5064e-14,5.0163e-14,4.0849e-14,5.1111e-14,7.797e-14,-3.8992e-14,-5.2685e-14,-7.9811e-14,-7.3366e-14,-6.3604e-14,-5.2545e-14,-3.5172e-14,2.7605e-14,3.0988e-14,2.7177e-15,-3.3529e-14,-4.9948e-14,-2.0619e-14,-1.2891e-14,6.0774e-15,-6.4977e-15,-3.1144e-14,-2.9634e-14,-3.1384e-14,-3.6268e-15,1.4029e-14,3.1836e-14,1.3021e-15,-4.022e-14,-0.39646,-0.21126,-0.1349,0.040183,0.14538,0.12499,0.14824,0.11279,0.038538,-0.15347,0.057661,-0.012849,-0.075355,-0.17682,0.11963,0.022461,-0.028241,0.017384,0.076131,-0.07557,-0.012356,0.027786,-0.036633,0.050999,0.045773,-0.0078482,0.062606,0.059074,-0.084972,-0.018229,-0.010631,0.14606,0.1381,0.054551,-0.020662,-0.033889,-0.073414,-0.15443,-0.25594,0.096564,-0.06843,0.029418,-0.059407,-0.056092,-0.10974,-0.1809,-0.1484,-0.045637,-0.10216
5.6759e-14,5.9606e-14,3.9349e-14,2.1006e-14,8.0908e-15,5.473e-14,3.724e-14,2.6028e-14,1.0218e-14,-1.756e-14,1.7658e-14,7.9521e-15,-2.2282e-15,-1.0507e-14,2.6736e-14,1.2457e-14,-5.9187e-15,-2.093e-14,-2.7961e-14,7.39e-16,-8.349e-15,-8.1133e-15,-1.2676e-14,-1.0277e-14,-5.4503e-15,1.1496e-14,1.3428e-14,5.8022e-15,4.0004e-15,-2.136e-16,2.9847e-15,2.9217e-14,6.4268e-15,-1.1246e-15,-1.0303e-15,1.7079e-15,-2.3056e-15,-1.4333e-14,-1.7718e-14,-1.637e-14,-1.5092e-15,1.7702e-14,3.1567e-14,1.7839e-14,-1.913e-17,-1.4984e-14,-2.516e-14,-1.7487e-15,2.4811e-14,0.36679,0.07835,0.0075842,-0.12575,-0.24836,-0.22125,-0.14153,-0.035807,0.041963,0.27019,-0.044627,0.096326,0.20918,0.35952,-0.29538,-0.053521,0.061064,-0.05846,-0.2741,0.00521,-0.073377,-0.047859,0.079589,0.020772,0.015666,0.04921,-0.075112,-0.082493,0.029162,0.04166,0.037573,-0.15665,-0.15077,-0.033371,0.041015,-0.0076447,-0.094712,-0.070132,0.37546,0.69549,1.1295,0.67821,0.31481,0.035324,0.13416,0.057864,0.35494,0.43405,0.3648
2.1332e-14,1.48e-14,1.0496e-14,2.2255e-14,1.9286e-14,-3.7722e-14,-4.1964e-14,-3.1292e-14,-2.2489e-14,-2.5385e-14,-4.3294e-15,-4.1803e-16,2.105e-15,3.5607e-15,-3.7898e-16,1.6346e-16,2.0046e-15,3.2539e-15,-1.3481e-15,3.4463e-14,2.7986e-14,2.7086e-14,2.2463e-14,2.5166e-14,1.9822e-14,-2.4575e-14,-3.1555e-14,-2.4637e-14,-3.8394e-14,-2.9483e-14,-1.5907e-14,2.6381e-15,1.4233e-14,8.2227e-15,-3.6256e-16,-7.6793e-15,-1.6958e-14,-1.4145e-14,-8.0304e-15,6.9493e-16,-3.5458e-15,-6.2027e-15,-5.7259e-15,-4.731e-15,-1.9366e-15,2.4782e-15,5.5789e-15,-1.0277e-15,-5.3059e-15,-0.042444,0.21198,0.29246,0.34212,0.37768,0.44309,0.30609,0.13367,-0.0033236,-0.18932,0.0043657,-0.10933,-0.19553,-0.29859,0.19433,0.061575,0.022028,0.089738,0.23141,0.0040412,0.038052,-0.0019988,-0.0099815,-0.0097685,-0.020344,0.026107,0.018461,-0.033711,-0.033484,-0.0038639,0.026491,0.1345,0.043915,-0.0097439,-0.019328,0.029072,0.165,0.32366,0.14687,0.18517,0.05017,0.28743,0.041481,0.04049,0.043621,0.12926,-0.054161,-0.090331,-0.10644
1.0332e-14,2.3433e-15,2.5979e-15,-1.7522e-14,-1.5866e-14,3.7626e-14,3.3925e-14,1.8334e-14,-9.7951e-16,-3.749e-15,5.6853e-15,1.9297e-15,-9.2175e-16,-3.176e-15,8.0868e-15,3.1868e-15,-3.7671e-15,-8.4131e-15,-6.8735e-15,-1.5116e-14,-1.2124e-14,-1.097e-14,-1.3078e-14,-1.4939e-14,-2.0766e-15,1.5693e-14,1.5921e-14,1.0526e-14,2.0329e-14,1.1732e-14,5.8415e-15,9.2531e-15,-1.1768e-14,-9.3078e-15,7.9401e-18,1.0361e-14,1.6786e-14,2.2197e-15,3.1132e-15,-2.1242e-15,3.9653e-15,1.1391e-14,1.1766e-14,1.1354e-14,1.4264e-15,-7.6154e-15,-1.1844e-14,1.2116e-15,1.3727e-14,-0.020023,-0.13209,-0.17415,-0.18026,-0.13083,-0.43701,-0.35769,-0.20965,-0.06569,0.045764,0.023296,0.048622,0.067504,0.079121,0.032777,-0.0061507,-0.071621,-0.078294,-0.095254,0.037446,0.031043,0.031898,-0.07259,-0.034096,0.0062983,-0.073534,0.025166,0.082425,0.037461,-0.01318,-0.058339,0.023921,0.093849,0.055445,-0.010439,-0.045006,-0.13115,-0.25288,-0.046674,-0.2483,-0.29979,-0.2042,0.23535,0.051729,-0.052139,-0.084556,-0.16284,-0.19638,-0.088182
8.1816e-14,1.3675e-14,-1.1382e-14,-2.5268e-14,-3.0284e-14,2.2656e-13,2.1623e-13,1.8209e-13,1.3327e-13,5.5011e-14,6.7496e-14,3.3404e-14,1.2086e-15,-3.4143e-14,5.284e-14,1.6796e-14,-3.4839e-14,-5.8592e-14,-4.5459e-14,-9.8359e-14,-1.1022e-13,-7.3147e-14,-7.9905e-14,-8.205e-14,-9.6485e-14,8.1693e-14,8.0551e-14,1.1076e-13,9.5542e-14,8.6176e-14,7.1665e-14,5.925e-14,-7.5237e-14,-7.3323e-14,-4.3732e-15,7.939e-14,1.1782e-13,4.4555e-14,4.4299e-14,6.5455e-15,1.7376e-14,4.9961e-14,3.3216e-14,5.8915e-14,3.146e-15,-2.8498e-14,-6.1369e-14,1.1979e-15,7.8393e-14,0.16978,0.16731,0.12688,0.08334,0.041982,0.078099,0.11616,0.14651,0.14737,0.1201,0.061321,-0.014028,-0.066724,-0.11388,0.17527,0.0697,-0.012235,-0.034793,-0.064635,0.071459,0.015332,-0.042187,0.017786,-0.036015,-0.026375,0.044208,0.032147,-0.0061069,0.019063,-0.039584,-0.049727,0.29272,0.22035,0.10016,-0.013343,-0.086822,-0.14287,-0.18455,-0.052631,0.048184,0.12635,0.20119,0.28605,0.64913,0.15241,0.2582,-0.070325,0.041516,0.13245
-3.5043e-14,-1.275e-13,-1.4458e-13,-1.4528e-13,-1.3118e-13,4.2733e-13,4.2175e-13,3.957e-13,3.309e-13,2.1645e-13,1.0713e-13,5.7528e-14,5.5386e-15,-4.8788e-14,6.0967e-14,1.0863e-14,-6.4404e-14,-8.448e-14,-4.3495e-14,-2.1247e-13,-2.1958e-13,-1.4877e-13,-1.4285e-13,-1.6712e-13,-1.9692e-13,1.5546e-13,1.6237e-13,2.3042e-13,2.0661e-13,1.8444e-13,1.6314e-13,5.2691e-14,-1.8879e-13,-1.6807e-13,-7.8755e-15,1.7701e-13,2.6272e-13,1.3192e-13,1.2567e-13,3.6967e-14,3.3934e-14,6.6712e-14,1.1218e-14,8.6557e-14,3.1363e-15,-2.3262e-14,-9.1659e-14,5.1831e-15,1.4157e-13,-0.015413,0.64504,1.0305,1.1793,1.1894,0.74854,0.64608,0.4252,0.26271,-0.22466,0.37293,0.10509,-0.18822,-0.41889,-0.041675,-0.17882,0.10366,0.054967,0.19096,-0.12276,-0.12118,-0.10385,0.095007,0.15611,0.09667,0.083044,-0.16131,-0.14278,-0.099855,0.12279,0.19811,-0.5482,-0.25303,-0.015972,-0.041662,0.057633,0.0083801,-0.10248,-0.14028,-0.02021,0.021968,-0.18452,-0.47406,-0.10187,0.51269,0.080018,0.00798,-0.046782,-0.13507
-5.7065e-14,-7.5799e-15,8.9287e-15,2.0293e-14,2.329e-14,-1.6289e-13,-1.5424e-13,-1.3121e-13,-9.0379e-14,-3.8788e-14,-4.7688e-14,-2.412e-14,-1.6985e-15,2.294e-14,-3.6526e-14,-1.0604e-14,2.5641e-14,4.2167e-14,3.0536e-14,6.2721e-14,7.1734e-14,4.6478e-14,5.3129e-14,5.4e-14,6.177e-14,-5.1736e-14,-5.0926e-14,-7.4489e-14,-6.194e-14,-5.5971e-14,-4.5627e-14,-4.4288e-14,5.5542e-14,5.4233e-14,3.0147e-15,-5.8217e-14,-8.475e-14,-2.9614e-14,-3.07e-14,-4.423e-15,-1.2534e-14,-3.5716e-14,-2.3938e-14,-4.2841e-14,-2.0622e-15,2.1984e-14,4.5444e-14,-1.2905e-15,-5.8272e-14,0.036963,0.026118,-0.025656,-0.044053,-0.045186,-0.083824,-0.067867,-0.024583,0.088231,0.16693,0.059428,-0.0128,-0.087123,-0.14163,0.0019261,-0.045464,-0.035139,0.051021,0.20978,-0.020192,0.10287,0.12371,-0.054831,-0.072281,-0.079272,-0.068845,0.064803,0.11756,0.0038914,-0.062971,-0.054438,-0.25691,-0.074252,-0.068589,-0.035961,0.10455,0.27561,0.23776,0.042471,-0.12028,-0.17766,-0.28406,-0.31224,0.19722,0.071848,0.58603,-0.017514,-0.18564,-0.25288
2.8921e-14,1.4901e-14,6.6393e-15,-2.6658e-15,-6.0244e-15,5.6664e-15,-2.8807e-15,-9.0907e-15,-2.9741e-14,-3.4558e-14,-1.2812e-15,-5.6269e-16,-6.9264e-17,5.9e-16,1.4701e-14,6.4786e-15,-5.7593e-16,-8.2461e-15,-1.1435e-14,1.8652e-14,1.1855e-14,1.3663e-14,9.8253e-15,1.1672e-14,8.6073e-15,-1.2611e-14,-1.3629e-14,-1.1759e-14,-1.5515e-14,-1.815e-14,-1.5318e-14,2.5526e-14,4.1934e-15,-6.9752e-16,2.4949e-16,1.1079e-15,-4.285e-15,-1.9372e-14,-1.326e-14,-6.2264e-15,2.0894e-15,1.3465e-14,1.7765e-14,1.4901e-14,5.8877e-16,-1.3757e-14,-1.7763e-14,1.856e-15,2.0101e-14,0.04934,0.1248,0.13579,0.10732,0.10212,0.12013,0.13304,0.088995,0.019075,-0.078721,0.01723,0.021893,0.027244,0.042703,-0.091606,-0.0051285,0.037317,0.011489,-0.061142,-0.005994,-0.041456,-0.017603,0.071047,0.012102,-0.018097,0.079188,-0.0092824,-0.063412,-0.032512,0.0072953,0.018723,-0.12016,-0.095644,-0.020918,0.011918,0.0089993,-0.0077427,-0.028671,0.10455,0.1658,0.14104,0.10808,0.028832,0.029755,0.10539,0.079116,0.51657,0.17256,0.29757
-1.8332e-14,-5.1998e-14,-4.1995e-14,-4.1005e-14,-2.9458e-14,1.0252e-13,1.1945e-13,1.0527e-13,9.3951e-14,8.9711e-14,2.9003e-14,1.244e-14,-1.0161e-15,-1.8169e-14,2.0163e-14,7.8078e-15,-1.3514e-14,-2.0591e-14,-1.5485e-14,-7.5971e-14,-6.8324e-14,-4.5823e-14,-3.041e-14,-4.3051e-14,-6.44e-14,3.5089e-14,4.5067e-14,7.45e-14,7.717e-14,6.7088e-14,4.2594e-14,2.4085e-15,-5.1145e-14,-4.0894e-14,-1.9573e-15,4.3203e-14,7.335e-14,4.9991e-14,4.1602e-14,1.2944e-14,1.0156e-14,1.6572e-14,-1.8784e-15,1.7733e-14,4.2792e-15,-1.3671e-15,-9.9526e-15,3.6247e-16,1.8713e-14,-0.20219,-0.18087,-0.1578,-0.10942,-0.017784,-0.12345,-0.17363,-0.17322,-0.1412,-0.12221,0.024471,-0.0093869,-0.021247,-0.046934,0.092786,-0.026053,-0.079126,-0.022013,0.087503,0.03582,0.073182,0.042404,-0.06341,-0.054802,-0.033194,-0.074843,0.022887,0.082267,0.047167,-0.023996,-0.053482,-0.070149,0.0073022,0.0051423,-0.03545,0.030308,0.029778,-0.060105,-0.18629,-0.23181,-0.207,-0.24678,-0.20242,-0.096777,-0.15884,-0.089261,-0.031455,0.45706,-0.057563
-8.3431e-14,-3.1411e-14,-1.855e-14,3.3731e-15,1.1501e-14,-9.6702e-14,-8.1363e-14,-5.9072e-14,-2.2678e-14,1.9419e-14,-2.9936e-14,-1.478e-14,-1.7573e-16,1.5727e-14,-3.6325e-14,-1.444e-14,1.553e-14,3.2236e-14,3.3185e-14,1.2922e-14,2.9027e-14,1.4009e-14,2.1609e-14,2.2498e-14,1.8664e-14,-2.1527e-14,-1.7151e-14,-3.122e-14,-1.6413e-14,-1.4929e-14,-1.4046e-14,-4.8919e-14,2.0643e-14,2.7099e-14,1.9475e-15,-3.118e-14,-4.0333e-14,4.154e-15,-6.5313e-15,2.3574e-15,-8.5145e-15,-3.1858e-14,-3.1115e-14,-3.8091e-14,-2.0198e-15,2.3767e-14,3.9089e-14,-1.2065e-15,-4.8089e-14,0.21017,0.11749,0.049788,-0.0033716,-0.13644,-0.04108,0.048873,0.11274,0.18602,0.26238,-0.019981,-0.014293,-0.043886,-0.052065,-0.0090978,0.047341,0.0736,0.033958,-0.015576,-0.014504,-0.046921,-0.026161,0.014356,0.04185,0.031381,0.013025,-0.026017,-0.02554,0.011317,-0.00083394,0.028049,0.14814,0.055871,0.0085834,0.027173,-0.035757,-0.040548,0.066114,0.1187,0.15586,0.19255,0.22077,0.19488,0.040069,0.052337,-0.0028922,0.33571,0.20827,0.57181